name	line	PID	field	robust	moswt	type	bmaj	bmin	vis	spw	thresh	velwid	viswid	TP	origMS	origspw	TODO	
A439	12CO10	2016.1.00193	A439	1.5	T	12p7	2.4	1.9	["2016.1.00193.wong/B3_uid___A001_X87a_X3fb_A439_12CO10/TM_X3fd/uid___A002_Xbc6682_Xf0b_targets_line.ms","2016.1.00193.wong/B3_uid___A001_X87a_X3fb_A439_12CO10/TM_X3fd/uid___A002_Xbc5a0f_X1647_targets_line.ms","2016.1.00193.wong/B3_uid___A001_X87a_X3fb_A439_12CO10/7M_X3ff/uid___A002_Xb9dfa4_Xa6d7_targets_line.ms","2016.1.00193.wong/B3_uid___A001_X87a_X3fb_A439_12CO10/7M_X3ff/uid___A002_Xb925ef_X3970_targets_line.ms","2016.1.00193.wong/B3_uid___A001_X87a_X3fb_A439_12CO10/7M_X3ff/uid___A002_Xb99071_X1ddc_targets_line.ms","2016.1.00193.wong/B3_uid___A001_X87a_X3fb_A439_12CO10/7M_X3ff/uid___A002_Xb95160_X3357_targets_line.ms","2016.1.00193.wong/B3_uid___A001_X87a_X3fb_A439_12CO10/7M_X3ff/uid___A002_Xb9dfa4_X9dd5_targets_line.ms","2016.1.00193.wong/B3_uid___A001_X87a_X3fb_A439_12CO10/7M_X3ff/uid___A002_Xb99071_X15d3_targets_line.ms","2016.1.00193.wong/B3_uid___A001_X87a_X3fb_A439_12CO10/7M_X3ff/uid___A002_Xb95160_X3dcb_targets_line.ms","2016.1.00193.wong/B3_uid___A001_X87a_X3fb_A439_12CO10/7M_X3ff/uid___A002_Xb9356a_X45e2_targets_line.ms","2016.1.00193.wong/B3_uid___A001_X87a_X3fb_A439_12CO10/7M_X3ff/uid___A002_Xb9cc97_X7832_targets_line.ms"]	["25","25","16","16","16","16","16","16","16","16","16"]	0.025	0.2	0.08	x	noisy magma		deeper clean helped	
A439	13CO10	2016.1.00193	A439	1.5	T	12	3.1	2.6	["2016.1.00193.wong/B3_uid___A001_X87a_X3eb_A439_13CO10/TM_X3ed/uid___A002_Xbcb16f_X1565_targets_line.ms","2016.1.00193.wong/B3_uid___A001_X87a_X3eb_A439_13CO10/TM_X3ed/uid___A002_Xbcb16f_X4251_targets_line.ms"]	["27","27"]	0.01	0.2	0.08	x				
A439	CS21	2016.1.00193	A439	1.5	T	12	3.5	2.9	["2016.1.00193.wong/B3_uid___A001_X87a_X3eb_A439_13CO10/TM_X3ed/uid___A002_Xbcb16f_X1565_targets_line.ms","2016.1.00193.wong/B3_uid___A001_X87a_X3eb_A439_13CO10/TM_X3ed/uid___A002_Xbcb16f_X4251_targets_line.ms"]	["31","31"]	0.01	0.2	0.08	x				
A439	C18O10	2016.1.00193	A439	1.5	T	12	3.1	2.6	["2016.1.00193.wong/B3_uid___A001_X87a_X3eb_A439_13CO10/TM_X3ed/uid___A002_Xbcb16f_X1565_targets_line.ms","2016.1.00193.wong/B3_uid___A001_X87a_X3eb_A439_13CO10/TM_X3ed/uid___A002_Xbcb16f_X4251_targets_line.ms"]	['25','25']	0.01	0.2	0.08	x				
A439	cont3mm	2016.1.00193	A439	1.5	T	12	3.1	2.6	["2016.1.00193.wong/B3_uid___A001_X87a_X3eb_A439_13CO10/TM_X3ed/uid___A002_Xbcb16f_X1565_targets.ms","2016.1.00193.wong/B3_uid___A001_X87a_X3eb_A439_13CO10/TM_X3ed/uid___A002_Xbcb16f_X4251_targets.ms"]	['29:107.9GHz~109.68GHz','29:107.9GHz~109.68GHz']	0.001	0.2	0.08	x				
N59C	12CO10	2016.1.00193	N59C	1.5	T	12p7	2.6	2.1	['2016.1.00193.wong/B3_uid___A001_X87a_X401_N59C_12CO10/TM_X403/uid___A002_Xbc74ea_X114f_targets_line.ms/','2016.1.00193.wong/B3_uid___A001_X87a_X401_N59C_12CO10/TM_X403/uid___A002_Xbc74ea_X14aa_targets_line.ms/','2016.1.00193.wong/B3_uid___A001_X87a_X401_N59C_12CO10/TM_X403/uid___A002_Xbc7c73_Xeb3_targets_line.ms/','2016.1.00193.wong/B3_uid___A001_X87a_X401_N59C_12CO10/TM_X403/uid___A002_Xbc8613_X97f_targets_line.ms/','2016.1.00193.wong/B3_uid___A001_X87a_X401_N59C_12CO10/7M_X405/uid___A002_Xba1cd8_X1362_targets_line.ms/','2016.1.00193.wong/B3_uid___A001_X87a_X401_N59C_12CO10/7M_X405/uid___A002_Xba2b1d_X305f_targets_line.ms/','2016.1.00193.wong/B3_uid___A001_X87a_X401_N59C_12CO10/7M_X405/uid___A002_Xba38f9_X2832_targets_line.ms/','2016.1.00193.wong/B3_uid___A001_X87a_X401_N59C_12CO10/7M_X405/uid___A002_Xba460f_X1a0a_targets_line.ms/','2016.1.00193.wong/B3_uid___A001_X87a_X401_N59C_12CO10/7M_X405/uid___A002_Xba460f_X28e3_targets_line.ms/','2016.1.00193.wong/B3_uid___A001_X87a_X401_N59C_12CO10/7M_X405/uid___A002_Xba460f_Xca6_targets_line.ms/','2016.1.00193.wong/B3_uid___A001_X87a_X401_N59C_12CO10/7M_X405/uid___A002_Xba6edb_X1b2a_targets_line.ms/','2016.1.00193.wong/B3_uid___A001_X87a_X401_N59C_12CO10/7M_X405/uid___A002_Xba839d_X2ec7_targets_line.ms/','2016.1.00193.wong/B3_uid___A001_X87a_X401_N59C_12CO10/7M_X405/uid___A002_Xba9cdb_X2fd9_targets_line.ms/','2016.1.00193.wong/B3_uid___A001_X87a_X401_N59C_12CO10/7M_X405/uid___A002_Xbaa732_X287b_targets_line.ms/','2016.1.00193.wong/B3_uid___A001_X87a_X401_N59C_12CO10/7M_X405/uid___A002_Xbaca56_X2745_targets_line.ms/','2016.1.00193.wong/B3_uid___A001_X87a_X401_N59C_12CO10/7M_X405/uid___A002_Xbaca56_X3190_targets_line.ms/','2016.1.00193.wong/B3_uid___A001_X87a_X401_N59C_12CO10/7M_X405/uid___A002_Xbaca56_X3c3a_targets_line.ms/','2016.1.00193.wong/B3_uid___A001_X87a_X401_N59C_12CO10/7M_X405/uid___A002_Xbad2b0_X3307_targets_line.ms/','2016.1.00193.wong/B3_uid___A001_X87a_X401_N59C_12CO10/7M_X405/uid___A002_Xbadc30_X1c2e_targets_line.ms/']	['25','25','25','25','16','16','16','16','16','16','16','16','16','16','16','16','16','16','16']	0.02	0.2	0.08	x	noisy magma			
N59C	13CO10	2016.1.00193	N59C	1.5	T	12	2.6	2.5	['2016.1.00193.wong/B3_uid___A001_X87a_X3df_N59C_13CO10/TM_X3e1/uid___A002_Xbc7c73_X10f4_targets_line.ms/','2016.1.00193.wong/B3_uid___A001_X87a_X3df_N59C_13CO10/TM_X3e1/uid___A002_Xbc9c9e_X1005_targets_line.ms/']	['27','27']	0.02	0.2	0.08	x				
N59C	CS21	2016.1.00193	N59C	1.5	T	12	2.9	2.8	['2016.1.00193.wong/B3_uid___A001_X87a_X3df_N59C_13CO10/TM_X3e1/uid___A002_Xbc7c73_X10f4_targets_line.ms/','2016.1.00193.wong/B3_uid___A001_X87a_X3df_N59C_13CO10/TM_X3e1/uid___A002_Xbc9c9e_X1005_targets_line.ms/']	["31","31"]	0.02	0.2	0.08	x				
N59C	C18O10	2016.1.00193	N59C	1.5	T	12	2.6	2.5	['2016.1.00193.wong/B3_uid___A001_X87a_X3df_N59C_13CO10/TM_X3e1/uid___A002_Xbc7c73_X10f4_targets_line.ms/','2016.1.00193.wong/B3_uid___A001_X87a_X3df_N59C_13CO10/TM_X3e1/uid___A002_Xbc9c9e_X1005_targets_line.ms/']	['25','25']	0.02	0.2	0.08	x				
N59C	cont3mm	2016.1.00193	N59C	1.5	T	12	2.6	2.5	['2016.1.00193.wong/B3_uid___A001_X87a_X3df_N59C_13CO10/TM_X3e1/uid___A002_Xbc7c73_X10f4_targets.ms/','2016.1.00193.wong/B3_uid___A001_X87a_X3df_N59C_13CO10/TM_X3e1/uid___A002_Xbc9c9e_X1005_targets.ms/']	['29:107.9GHz~109.68GHz','29:107.9GHz~109.68GHz']	0.001	0.2	0.08	x				
GMC1	12CO10	2016.1.00193	GMC1 	1.5	F	12p7	2.3	2.1	['2016.1.00193.wong/B3_uid___A001_X87a_X3ef_GMC1_12CO10/TM_X3f1/uid___A002_Xbc6682_X73b_targets_line.ms','2016.1.00193.wong/B3_uid___A001_X87a_X3ef_GMC1_12CO10/TM_X3f1/uid___A002_Xbc6682_Xb75_targets_line.ms/','2016.1.00193.wong/B3_uid___A001_X87a_X3ef_GMC1_12CO10/TM_X3f1/uid___A002_Xbc7c73_X753_targets_line.ms/','2016.1.00193.wong/B3_uid___A001_X87a_X3ef_GMC1_12CO10/7M_X3f3/uid___A002_Xb8e961_X15fd_targets_line.ms/','2016.1.00193.wong/B3_uid___A001_X87a_X3ef_GMC1_12CO10/7M_X3f3/uid___A002_Xb95160_Xc20f_targets_line.ms/','2016.1.00193.wong/B3_uid___A001_X87a_X3ef_GMC1_12CO10/7M_X3f3/uid___A002_Xb95160_Xc755_targets_line.ms/','2016.1.00193.wong/B3_uid___A001_X87a_X3ef_GMC1_12CO10/7M_X3f3/uid___A002_Xb9fa0c_X2152_targets_line.ms/','2016.1.00193.wong/B3_uid___A001_X87a_X3ef_GMC1_12CO10/7M_X3f3/uid___A002_Xba0af7_X1d31_targets_line.ms/','2016.1.00193.wong/B3_uid___A001_X87a_X3ef_GMC1_12CO10/7M_X3f3/uid___A002_Xba0af7_X2639_targets_line.ms/','2016.1.00193.wong/B3_uid___A001_X87a_X3ef_GMC1_12CO10/7M_X3f3/uid___A002_Xba0af7_X73fa_targets_line.ms/','2016.1.00193.wong/B3_uid___A001_X87a_X3ef_GMC1_12CO10/7M_X3f3/uid___A002_Xba0af7_X77ed_targets_line.ms/','2016.1.00193.wong/B3_uid___A001_X87a_X3ef_GMC1_12CO10/7M_X3f3/uid___A002_Xba2b1d_X198f_targets_line.ms/','2016.1.00193.wong/B3_uid___A001_X87a_X3ef_GMC1_12CO10/7M_X3f3/uid___A002_Xba2b1d_X20fa_targets_line.ms/','2016.1.00193.wong/B3_uid___A001_X87a_X3ef_GMC1_12CO10/7M_X3f3/uid___A002_Xba2b1d_X253a_targets_line.ms/','2016.1.00193.wong/B3_uid___A001_X87a_X3ef_GMC1_12CO10/7M_X3f3/uid___A002_Xba6edb_X1455_targets_line.ms/','2016.1.00193.wong/B3_uid___A001_X87a_X3ef_GMC1_12CO10/7M_X3f3/uid___A002_Xba6edb_X74f1_targets_line.ms/','2016.1.00193.wong/B3_uid___A001_X87a_X3ef_GMC1_12CO10/7M_X3f3/uid___A002_Xbabd27_X248b_targets_line.ms/']	['25','25','25','16','16','16','16','16','16','16','16','16','16','16','16','16','16']	0.02	0.2	0.08	x	noisy magma		still bowls--but don't think it'll get better	
GMC1	13CO10	2016.1.00193	GMC1 	0.5	F	12	3.1	2.6	['2016.1.00193.wong/B3_uid___A001_X87a_X3e7_GMC1_13CO10/TM_X3e9/uid___A002_Xbcb16f_X3f34_targets_line.ms','2016.1.00193.wong/B3_uid___A001_X87a_X3e7_GMC1_13CO10/TM_X3e9/uid___A002_Xbcb16f_Xeeb_targets_line.ms/']	['27','27']	0.01	0.2	0.08	x				
GMC1	CS21	2016.1.00193	GMC1 	0.5	F	12	3.5	2.9	['2016.1.00193.wong/B3_uid___A001_X87a_X3e7_GMC1_13CO10/TM_X3e9/uid___A002_Xbcb16f_X3f34_targets_line.ms','2016.1.00193.wong/B3_uid___A001_X87a_X3e7_GMC1_13CO10/TM_X3e9/uid___A002_Xbcb16f_Xeeb_targets_line.ms/']	["31","31"]	0.01	0.2	0.08	x				
GMC1	C18O10	2016.1.00193	GMC1 	0.5	F	12	3.1	2.6	['2016.1.00193.wong/B3_uid___A001_X87a_X3e7_GMC1_13CO10/TM_X3e9/uid___A002_Xbcb16f_X3f34_targets_line.ms','2016.1.00193.wong/B3_uid___A001_X87a_X3e7_GMC1_13CO10/TM_X3e9/uid___A002_Xbcb16f_Xeeb_targets_line.ms/']	['25','25']	0.02	0.2	0.08	x				
GMC1	cont3mm	2016.1.00193	GMC1 	0.5	F	12	3.1	2.6	['2016.1.00193.wong/B3_uid___A001_X87a_X3e7_GMC1_13CO10/TM_X3e9/uid___A002_Xbcb16f_X3f34_targets.ms','2016.1.00193.wong/B3_uid___A001_X87a_X3e7_GMC1_13CO10/TM_X3e9/uid___A002_Xbcb16f_Xeeb_targets.ms/']	['29:107.9GHz~109.68GHz','29:107.9GHz~109.68GHz']	0.001	0.2	0.08	x				
GMC104	12CO10	2016.1.00193	GMC104	1.5	F	12p7	2.4	2.3	['2016.1.00193.wong/B3_uid___A001_X87a_X3f5_GMC104_12CO10/TM_X3f7/uid___A002_Xbc7c73_Xc36_target.ms/','2016.1.00193.wong/B3_uid___A001_X87a_X3f5_GMC104_12CO10/TM_X3f7/uid___A002_Xbc8613_X722_target.ms/','2016.1.00193.wong/B3_uid___A001_X87a_X3f5_GMC104_12CO10/7M_X3f9/uid___A002_Xbad2b0_X399f_target.ms/','2016.1.00193.wong/B3_uid___A001_X87a_X3f5_GMC104_12CO10/7M_X3f9/uid___A002_Xbadc30_X1839_target.ms/','2016.1.00193.wong/B3_uid___A001_X87a_X3f5_GMC104_12CO10/7M_X3f9/uid___A002_Xbadc30_X232f_target.ms/','2016.1.00193.wong/B3_uid___A001_X87a_X3f5_GMC104_12CO10/7M_X3f9/uid___A002_Xbae7da_X1c0_target.ms/','2016.1.00193.wong/B3_uid___A001_X87a_X3f5_GMC104_12CO10/7M_X3f9/uid___A002_Xbae7da_X56e_target.ms/','2016.1.00193.wong/B3_uid___A001_X87a_X3f5_GMC104_12CO10/7M_X3f9/uid___A002_Xbae7da_X9d0_target.ms/','2016.1.00193.wong/B3_uid___A001_X87a_X3f5_GMC104_12CO10/7M_X3f9/uid___A002_Xbaedce_X2463_target.ms/','2016.1.00193.wong/B3_uid___A001_X87a_X3f5_GMC104_12CO10/7M_X3f9/uid___A002_Xbaedce_X2f0e_target.ms/','2016.1.00193.wong/B3_uid___A001_X87a_X3f5_GMC104_12CO10/7M_X3f9/uid___A002_Xbb0685_Xdc9_target.ms/']	['25','25','16','16','16','16','16','16','16','16','16']	0.03	0.2	0.08	x	noisy magma		still bowls--but don't think it'll get better	
GMC104	13CO10	2016.1.00193	GMC104	0.5	F	12	3.2	2.2	['2016.1.00193.wong/B3_uid___A001_X87a_X3a3_GMC104_13CO10/TM_X3a5/uid___A002_Xbcde4a_X30e_targets_line.ms/','2016.1.00193.wong/B3_uid___A001_X87a_X3a3_GMC104_13CO10/TM_X3a5/uid___A002_Xbcef34_X36c_targets_line.ms/']	['27','27']	0.01	0.2	0.08	x				
GMC104	CS21	2016.1.00193	GMC104	0.5	F	12	3.7	2.4	['2016.1.00193.wong/B3_uid___A001_X87a_X3a3_GMC104_13CO10/TM_X3a5/uid___A002_Xbcde4a_X30e_targets_line.ms/','2016.1.00193.wong/B3_uid___A001_X87a_X3a3_GMC104_13CO10/TM_X3a5/uid___A002_Xbcef34_X36c_targets_line.ms/']	["31","31"]	0.01	0.2	0.08	x				
GMC104	C18O10	2016.1.00193	GMC104	0.5	F	12	3.3	2.2	['2016.1.00193.wong/B3_uid___A001_X87a_X3a3_GMC104_13CO10/TM_X3a5/uid___A002_Xbcde4a_X30e_targets_line.ms/','2016.1.00193.wong/B3_uid___A001_X87a_X3a3_GMC104_13CO10/TM_X3a5/uid___A002_Xbcef34_X36c_targets_line.ms/']	['25','25']	0.01	0.2	0.08	x				
GMC104	cont3mm	2016.1.00193	GMC104	0.5	F	12	3.2	2.2	['2016.1.00193.wong/B3_uid___A001_X87a_X3a3_GMC104_13CO10/TM_X3a5/uid___A002_Xbcde4a_X30e_targets.ms/','2016.1.00193.wong/B3_uid___A001_X87a_X3a3_GMC104_13CO10/TM_X3a5/uid___A002_Xbcef34_X36c_targets.ms/']	['29:107.9GHz~109.68GHz','29:107.9GHz~109.68GHz']	0.001	0.2	0.08	x				
																		
GMC225	13CO10	2012.1.00603	GMC225	1.5	T	12p7	3.4	2.3	"2012.1.00603.kawamura/B3_uid___A002_X6f9b0f_Xf9_GMC255_13CO10/image/G225_B3.ms"	"17,41,57,73,97"	0.03	0.2	0.09	"2012.1.00603.kawamura/B3_uid___A002_X6f9b0f_Xf9_GMC255_13CO10/TP_Xe0/G255_B3_TP.spw17.image.hann.canon"				
GMC225	CS21	2012.1.00603	GMC225	1.5	T	12p7	3.8	2.6	"2012.1.00603.kawamura/B3_uid___A002_X6f9b0f_Xf9_GMC255_13CO10/image/G225_B3.ms"	"21,45,61,77,101"	0.03	0.2	0.09	"2012.1.00603.kawamura/B3_uid___A002_X6f9b0f_Xf9_GMC255_13CO10/TP_Xe0/G255_B3_TP.spw21.image.hann.canon"				
GMC225	C18O10	2012.1.00603	GMC225	1.5	T	12p7	3.8	2.6	["2012.1.00603.kawamura/B3_uid___A002_X6f9b0f_Xf9_GMC255_13CO10/TM_Xfa/uid___A002_X75f169_X8b4_targets_line.ms/","2012.1.00603.kawamura/B3_uid___A002_X6f9b0f_Xf9_GMC255_13CO10/7M_Xfc/G255_B3_7M.uid___A002_X779b0a_X39b_target.contsub.ms/","2012.1.00603.kawamura/B3_uid___A002_X6f9b0f_Xf9_GMC255_13CO10/7M_Xfc/G255_B3_7M.uid___A002_X779b0a_X540_target.contsub.ms/","2012.1.00603.kawamura/B3_uid___A002_X6f9b0f_Xf9_GMC255_13CO10/7M_Xfc/G255_B3_7M.uid___A002_X779b0a_Xb1f_target.contsub.ms/","2012.1.00603.kawamura/B3_uid___A002_X6f9b0f_Xf9_GMC255_13CO10/7M_Xfc/G255_B3_7M.uid___A002_X988073_X19f0_target.contsub.ms/"]	['19','18','18','18','18']	0.03	0.2	0.09	"2012.1.00603.kawamura/B3_uid___A002_X6f9b0f_Xf9_GMC255_13CO10/TP_Xe0/G255_B3_TP.spw19.image.hann.canon"				
GMC225	SO3221	2012.1.00603	GMC225	1.5	T	12p7	3.8	2.6	"2012.1.00603.kawamura/B3_uid___A002_X6f9b0f_Xf9_GMC255_13CO10/image/G225_B3.ms"	"23,47,63,79,103"	0.03	1.5	1.49	"2012.1.00603.kawamura/B3_uid___A002_X6f9b0f_Xf9_GMC255_13CO10/TP_Xe0/G255_B3_TP.spw23.image.canon"				
GMC225	H40a	2012.1.00603	GMC225	1.5	T	12p7	3.8	2.6	"2012.1.00603.kawamura/B3_uid___A002_X6f9b0f_Xf9_GMC255_13CO10/image/G225_B3.ms"	"23,47,63,79,103"	0.03	1.5	1.49	"2012.1.00603.kawamura/B3_uid___A002_X6f9b0f_Xf9_GMC255_13CO10/TP_Xe0/G255_B3_TP.spw23.image.canon"				
GMC225	cont3mm	2012.1.00603	GMC225	1.5	T	12p7	3.8	2.6	["2012.1.00603.kawamura/B3_uid___A002_X6f9b0f_Xf9_GMC255_13CO10/TM_Xfa/uid___A002_X75f169_X8b4_targets.ms/","2012.1.00603.kawamura/B3_uid___A002_X6f9b0f_Xf9_GMC255_13CO10/7M_Xfc/G255_B3_7M.uid___A002_X779b0a_X39b_target.ms/","2012.1.00603.kawamura/B3_uid___A002_X6f9b0f_Xf9_GMC255_13CO10/7M_Xfc/G255_B3_7M.uid___A002_X779b0a_X540_target.ms/","2012.1.00603.kawamura/B3_uid___A002_X6f9b0f_Xf9_GMC255_13CO10/7M_Xfc/G255_B3_7M.uid___A002_X779b0a_Xb1f_target.ms/","2012.1.00603.kawamura/B3_uid___A002_X6f9b0f_Xf9_GMC255_13CO10/7M_Xfc/G255_B3_7M.uid___A002_X988073_X19f0_target.ms/"]	["23:98GHz~98.8GHz;99.3GHz~100GHz","22:98GHz~98.8GHz;99.3GHz~100GHz","22:98GHz~98.8GHz;99.3GHz~100GHz","22:98GHz~98.8GHz;99.3GHz~100GHz","22:98GHz~98.8GHz;99.3GHz~100GHz"]	0.001	0.2	0.09	x				
GMC225	12CO10	2012.1.00641	cloud_225	1.5	T	12p7	2.1	1.8	"2012.1.00641.sawada/B3_uid___A002_X6b0cc1_Xe1_GMC225_12CO10/image/G225_12CO10.ms"	"16,32,48,73"	0.05	0.4	0.32	"2012.1.00641.sawada/B3_uid___A002_X6b0cc1_Xe1_GMC225_12CO10/TP_Xe4/uid___A001_X147_Xe4.cloud_225_sci.spw17.cube.I.sd.canon"				
GMC225	12CO21	2016.1.00203	LMC_GMC225	1.5	T	12p7	1.3	0.98	['lmc/GMC225/uid___A002_Xb93c37_X35f5_targets_line.ms','lmc/GMC225/uid___A002_Xbf4033_X27d_targets_line.ms']	["16","25"]	0.1	0.2	0.08	"2016.1.00203.kawamura/B6_uid___A001_X87c_X8a9_G225_CO21/TP_X8b1/member.uid___A001_X87c_X8b1.LMC_GMC225.spw17.I.sd.im.hann.canon"				
GMC225	13CO21	2016.1.00203	LMC_GMC225	1.5	T	12p7	1.3	1	['lmc/GMC225/uid___A002_Xb93c37_X35f5_targets_line.ms','lmc/GMC225/uid___A002_Xbf4033_X27d_targets_line.ms']	["22","31"]	0.02	0.2	0.16	"2016.1.00203.kawamura/B6_uid___A001_X87c_X8a9_G225_CO21/TP_X8b1/member.uid___A001_X87c_X8b1.LMC_GMC225.spw23.I.sd.im.hann.canon"			add 2016 data for sensitivity?	
GMC225	C18O21	2016.1.00203	LMC_GMC225	1.5	T	12p7	1.3	1	['lmc/GMC225/uid___A002_Xb93c37_X35f5_targets_line.ms','lmc/GMC225/uid___A002_Xbf4033_X27d_targets_line.ms']	["20","29"]	0.02	0.2	0.16	"2016.1.00203.kawamura/B6_uid___A001_X87c_X8a9_G225_CO21/TP_X8b1/member.uid___A001_X87c_X8b1.LMC_GMC225.spw21.I.sd.im.hann.canon"				
GMC225	H30a	2016.1.00203	LMC_GMC225	1.5	T	12p7	1.3	1	['lmc/GMC225/uid___A002_Xb93c37_X35f5_targets_line.ms','lmc/GMC225/uid___A002_Xbf4033_X27d_targets_line.ms']	["18","27"]	0.02	2.6	2.5	"2016.1.00203.kawamura/B6_uid___A001_X87c_X8a9_G225_CO21/TP_X8b1/member.uid___A001_X87c_X8b1.LMC_GMC225.spw19.I.sd.im.hann.canon"				
GMC225	cont1mm	2013.1.01091,2016.1.00203	LMC_GMC225	1.5	T	12p7	1.3	1	["2016.1.00203.kawamura/B6_uid___A001_X87c_X8a9_G225_CO21/TM_X8ab/uid___A002_Xbf4033_X27d_targets.ms/","2016.1.00203.kawamura/B6_uid___A001_X87c_X8a9_G225_CO21/7M_X8ad/uid___A002_Xb93c37_X35f5_targets.ms/","2013.1.01091.kawamura/B6_uid___A001_X146_X68_GMC225_CO21/TM_X69/uid___A002_X9fa4e2_X6759_targets.ms/","2013.1.01091.kawamura/B6_uid___A001_X146_X68_GMC225_CO21/7M_X6b/uid___A002_X96e770_X800_targets.ms/"]	["27:230.8GHz~231.2GHz;231.4GHz~231.6GHz;231.8GHz~232.8GHz,33:216GHz~216.8GHz;217GHz~217.9GHz","18:230.8GHz~231.2GHz;231.4GHz~231.6GHz;231.8GHz~232.8GHz,24:216GHz~216.8GHz;217GHz~217.9GHz","19:230.8GHz~231.2GHz;231.4GHz~231.6GHz;231.8GHz~232.8GHz","18:230.8GHz~231.2GHz;231.4GHz~231.6GHz;231.8GHz~232.8GHz"]	0.001	0.2	0.16	x				
																		
N166	13CO10	2012.1.00603	N166	0.7	F	12p7	3.4	2.9	"2012.1.00603.kawamura/B3_uid___A002_X6f9b0f_Xd1_N166_13CO10/image/N166_B3.concat.ms"	"16,41,57,73,89"	0.025	0.2	0.09	"2012.1.00603.kawamura/B3_uid___A002_X6f9b0f_Xd1_N166_13CO10/image/N166_TP_13CO10.canon"			stop cubes at v=240	
N166	C18O10	2012.1.00603	N166	0.5	F	12p7	3.2	2.8	"2012.1.00603.kawamura/B3_uid___A002_X6f9b0f_Xd1_N166_13CO10/image/N166_B3.concat.ms"	"18,43,59,75,91"	0.025	0.2	0.09	"2012.1.00603.kawamura/B3_uid___A002_X6f9b0f_Xd1_N166_13CO10/TP_Xd0/uid___A001_X148_Xd0.N166_sci.spw19.cube.I.sd.hann.canon/"			? decorrelated, probably scrap - RI: is this true? spwphaseup plot looks ok to me	
N166	CS21	2012.1.00603	N166	0.7	F	12p7	3.8	3.2	"2012.1.00603.kawamura/B3_uid___A002_X6f9b0f_Xd1_N166_13CO10/image/N166_B3.concat.ms"	"20,45,61,77,93"	0.025	0.2	0.09	"2012.1.00603.kawamura/B3_uid___A002_X6f9b0f_Xd1_N166_13CO10/image/N166_TP_CS21.canon"				
N166	SO3221	2012.1.00603	N166	0.5	F	12p7	3.6	3	"2012.1.00603.kawamura/B3_uid___A002_X6f9b0f_Xd1_N166_13CO10/image/N166_B3.concat.ms"	"22,47,63,79,95"	0.015	1.6	1.47	"2012.1.00603.kawamura/B3_uid___A002_X6f9b0f_Xd1_N166_13CO10/TP_Xd0/uid___A001_X148_Xd0.N166_sci.spw23.cube.I.sd.canon/"				
N166	H40a	2012.1.00603	N166	0.5	F	12p7	3.6	3.1	"2012.1.00603.kawamura/B3_uid___A002_X6f9b0f_Xd1_N166_13CO10/image/N166_B3.concat.ms"	"22,47,63,79,95"	0.025	1.6	1.47	"2012.1.00603.kawamura/B3_uid___A002_X6f9b0f_Xd1_N166_13CO10/TP_Xd0/uid___A001_X148_Xd0.N166_sci.spw23.cube.I.sd.canon/"				
N166	cont3mm	2012.1.00603	N166	0.5	F	12p7	3.5	2.9	['2012.1.00603.kawamura/B3_uid___A002_X6f9b0f_Xd1_N166_13CO10/TM_Xd2/uid___A002_X75d7ca_X1400_targets.ms/','2012.1.00603.kawamura/B3_uid___A002_X6f9b0f_Xd1_N166_13CO10/7M_Xd4/N166_B3_7M.uid___A002_X75d7ca_Xe79_target.ms/','2012.1.00603.kawamura/B3_uid___A002_X6f9b0f_Xd1_N166_13CO10/7M_Xd4/N166_B3_7M.uid___A002_X7776f1_Xa98_target.ms/','2012.1.00603.kawamura/B3_uid___A002_X6f9b0f_Xd1_N166_13CO10/7M_Xd4/N166_B3_7M.uid___A002_X7776f1_Xdf3_target.ms/','2012.1.00603.kawamura/B3_uid___A002_X6f9b0f_Xd1_N166_13CO10/7M_Xd4/N166_B3_7M.uid___A002_X96e770_X48e_target.ms/']	["23:98GHz~98.8GHz;99.3GHz~100GHz","22:98GHz~98.8GHz;99.3GHz~100GHz","22:98GHz~98.8GHz;99.3GHz~100GHz","22:98GHz~98.8GHz;99.3GHz~100GHz","22:98GHz~98.8GHz;99.3GHz~100GHz"]	0.025	1.6	1.47	x				
N166	12CO10	2012.1.00641	cloud_216	1.5	T	12p7	2	1.7	"2012.1.00641.sawada/B3_uid___A002_X6b0cc1_Xf9_N166_12CO10/image/N166_12CO10.ms"	"16,32,57,69,85"	0.2	0.4	0.32	"2012.1.00641.sawada/B3_uid___A002_X6b0cc1_Xf9_N166_12CO10/image/N166_12CO10_TP.canon"				
N166	12CO21	2013.1.01091,2016.1.00203	LMC_N166	0.5	F	12p7	3.8	3.3	"v1/lmc/N166/N166_B6_line.ms"	"17,125,139,153,167,181"	nsigma=5	0.2	0.08	"v1/lmc/N166/LMC_N166.spw17.sd.canon"			redo - clean wonky	
N166	13CO21	2013.1.01091,2016.1.00203	LMC_N166	0.5	F	12p7	3.8	3.2	"v1/lmc/N166/N166_B6_line.ms"	"23,73,130,144,158,172,186"	0.25	0.2	0.16	"v1/lmc/N166/LMC_N166.spw23.sd.canon"				
N166	C18O21	2013.1.01091,2016.1.00203	LMC_N166	0.5	F	12p7	3.9	3.2	"v1/lmc/N166/N166_B6_line.ms"	"21,71,129,143,157,171,185"	0.25	0.2	0.16	"2016.1.00203.kawamura/B6_uid___A001_X87c_X8b3_N166_CO21/TP_X8bb/member.uid___A001_X87c_X8bb.LMC_N166.spw21.I.sd.im.canon"			Bad weather	
N166	H30a	2013.1.01091,2016.1.00203	LMC_N166	0.5	F	12p7	3	2.6	['2013.1.01091.kawamura/B6_uid___A001_X146_X6d_N166_CO21/TM_X6f/uid___A002_X9fddd8_X17c9_targets_line.ms','2013.1.01091.kawamura/B6_uid___A001_X146_X6d_N166_CO21/7M_X71/uid___A002_X9ff365_X3a9_targets_line.ms/','2013.1.01091.kawamura/B6_uid___A001_X146_X6d_N166_CO21/7M_X71/uid___A002_X9ff365_X739_targets_line.ms/',"2016.1.00203.kawamura/B6_uid___A001_X87c_X8b3_N166_CO21/7M_X8b7/uid___A002_Xbb85b6_X7c96_targets_line.ms/","2016.1.00203.kawamura/B6_uid___A001_X87c_X8b3_N166_CO21/7M_X8b7/uid___A002_Xbb968f_X118c_targets_line.ms/","2016.1.00203.kawamura/B6_uid___A001_X87c_X8b3_N166_CO21/7M_X8b7/uid___A002_Xbb968f_X19e7_targets_line.ms/"]	["19","18","18","18","18","18"]	0.15	2.6	2.5	"2016.1.00203.kawamura/B6_uid___A001_X87c_X8b3_N166_CO21/TP_X8bb/member.uid___A001_X87c_X8bb.LMC_N166.spw19.I.sd.im.canon"	['2013.1.01091.kawamura/B6_uid___A001_X146_X6d_N166_CO21/TM_X6f/uid___A002_X9fddd8_X17c9_targets.ms','2013.1.01091.kawamura/B6_uid___A001_X146_X6d_N166_CO21/7M_X71/uid___A002_X9ff365_X3a9_targets.ms/','2013.1.01091.kawamura/B6_uid___A001_X146_X6d_N166_CO21/7M_X71/uid___A002_X9ff365_X739_targets.ms/',"2016.1.00203.kawamura/B6_uid___A001_X87c_X8b3_N166_CO21/7M_X8b7/uid___A002_Xbb85b6_X7c96_targets.ms/","2016.1.00203.kawamura/B6_uid___A001_X87c_X8b3_N166_CO21/7M_X8b7/uid___A002_Xbb968f_X118c_targets.ms/","2016.1.00203.kawamura/B6_uid___A001_X87c_X8b3_N166_CO21/7M_X8b7/uid___A002_Xbb968f_X19e7_targets.ms/","2016.1.00203.kawamura/B6_uid___A001_X87c_X8b3_N166_CO21/7M_X8b7/uid___A002_Xbb968f_X2745_targets.ms/","2016.1.00203.kawamura/B6_uid___A001_X87c_X8b3_N166_CO21/7M_X8b7/uid___A002_Xbb9cd7_X3679_targets.ms/","2016.1.00203.kawamura/B6_uid___A001_X87c_X8b3_N166_CO21/7M_X8b7/uid___A002_Xbb9cd7_X3d28_targets.ms/","2016.1.00203.kawamura/B6_uid___A001_X87c_X8b3_N166_CO21/7M_X8b7/uid___A002_Xbb9cd7_X87d5_targets.ms/"]	["19","18","18","18","18","18","18","18","18","18"]		
N166	cont1mm	2013.1.01091,2016.1.00203	LMC_N166	0.5	F	12p7	3.6	3.3	['2013.1.01091.kawamura/B6_uid___A001_X146_X6d_N166_CO21/TM_X6f/uid___A002_X9fddd8_X17c9_targets.ms','2013.1.01091.kawamura/B6_uid___A001_X146_X6d_N166_CO21/7M_X71/uid___A002_X9ff365_X3a9_targets.ms/','2013.1.01091.kawamura/B6_uid___A001_X146_X6d_N166_CO21/7M_X71/uid___A002_X9ff365_X739_targets.ms/',"2016.1.00203.kawamura/B6_uid___A001_X87c_X8b3_N166_CO21/7M_X8b7/uid___A002_Xbb85b6_X7c96_targets.ms/","2016.1.00203.kawamura/B6_uid___A001_X87c_X8b3_N166_CO21/7M_X8b7/uid___A002_Xbb968f_X118c_targets.ms/"]	["19:230.8GHz~231.2GHz;231.4GHz~231.6GHz;231.8GHz~232.8GHz","18:230.8GHz~231.2GHz;231.4GHz~231.6GHz;231.8GHz~232.8GHz","18:230.8GHz~231.2GHz;231.4GHz~231.6GHz;231.8GHz~232.8GHz","18:230.8GHz~231.2GHz;231.4GHz~231.6GHz;231.8GHz~232.8GHz,24:216GHz~216.8GHz;217GHz~217.9GHz","18:230.8GHz~231.2GHz;231.4GHz~231.6GHz;231.8GHz~232.8GHz,24:216GHz~216.8GHz;217GHz~217.9GHz"]	0.15	0.2	0.16	x	['2013.1.01091.kawamura/B6_uid___A001_X146_X6d_N166_CO21/TM_X6f/uid___A002_X9fddd8_X17c9_targets.ms','2013.1.01091.kawamura/B6_uid___A001_X146_X6d_N166_CO21/7M_X71/uid___A002_X9ff365_X3a9_targets.ms/','2013.1.01091.kawamura/B6_uid___A001_X146_X6d_N166_CO21/7M_X71/uid___A002_X9ff365_X739_targets.ms/',"2016.1.00203.kawamura/B6_uid___A001_X87c_X8b3_N166_CO21/7M_X8b7/uid___A002_Xbb85b6_X7c96_targets.ms/","2016.1.00203.kawamura/B6_uid___A001_X87c_X8b3_N166_CO21/7M_X8b7/uid___A002_Xbb968f_X118c_targets.ms/","2016.1.00203.kawamura/B6_uid___A001_X87c_X8b3_N166_CO21/7M_X8b7/uid___A002_Xbb968f_X19e7_targets.ms/","2016.1.00203.kawamura/B6_uid___A001_X87c_X8b3_N166_CO21/7M_X8b7/uid___A002_Xbb968f_X2745_targets.ms/","2016.1.00203.kawamura/B6_uid___A001_X87c_X8b3_N166_CO21/7M_X8b7/uid___A002_Xbb9cd7_X3679_targets.ms/","2016.1.00203.kawamura/B6_uid___A001_X87c_X8b3_N166_CO21/7M_X8b7/uid___A002_Xbb9cd7_X3d28_targets.ms/","2016.1.00203.kawamura/B6_uid___A001_X87c_X8b3_N166_CO21/7M_X8b7/uid___A002_Xbb9cd7_X87d5_targets.ms/"]	["19:230.8GHz~231.2GHz;231.4GHz~231.6GHz;231.8GHz~232.8GHz","18:230.8GHz~231.2GHz;231.4GHz~231.6GHz;231.8GHz~232.8GHz","18:230.8GHz~231.2GHz;231.4GHz~231.6GHz;231.8GHz~232.8GHz","18:230.8GHz~231.2GHz;231.4GHz~231.6GHz;231.8GHz~232.8GHz,24:216GHz~216.8GHz;217GHz~217.9GHz","18:230.8GHz~231.2GHz;231.4GHz~231.6GHz;231.8GHz~232.8GHz,24:216GHz~216.8GHz;217GHz~217.9GHz","18:230.8GHz~231.2GHz;231.4GHz~231.6GHz;231.8GHz~232.8GHz,24:216GHz~216.8GHz;217GHz~217.9GHz","18:230.8GHz~231.2GHz;231.4GHz~231.6GHz;231.8GHz~232.8GHz,24:216GHz~216.8GHz;217GHz~217.9GHz","18:230.8GHz~231.2GHz;231.4GHz~231.6GHz;231.8GHz~232.8GHz,24:216GHz~216.8GHz;217GHz~217.9GHz","18:230.8GHz~231.2GHz;231.4GHz~231.6GHz;231.8GHz~232.8GHz,24:216GHz~216.8GHz;217GHz~217.9GHz","18:230.8GHz~231.2GHz;231.4GHz~231.6GHz;231.8GHz~232.8GHz,24:216GHz~216.8GHz;217GHz~217.9GHz"]		
																		
N160	13CO10	2017.1.00093	YSO44,YSO04_08,YSO10_24,YSO15_20	1.5	T	12p7	2.3	1.8	['2017.1.00093.onishi/B3_uid___A001_X1284_X1d43_13CO10/7M_X1d47/uid___A002_Xc8d560_Xa994_targets_line.ms','2017.1.00093.onishi/B3_uid___A001_X1284_X1d43_13CO10/7M_X1d47/uid___A002_Xc8ed16_X88da_targets_line.ms','2017.1.00093.onishi/B3_uid___A001_X1284_X1d43_13CO10/7M_X1d47/uid___A002_Xc8d560_X9c47_targets_line.ms','2017.1.00093.onishi/B3_uid___A001_X1284_X1d43_13CO10/7M_X1d47/uid___A002_Xc8ed16_Xb52_targets_line.ms','2017.1.00093.onishi/B3_uid___A001_X1284_X1d43_13CO10/7M_X1d47/uid___A002_Xc8b2b0_Xdc1_targets_line.ms','2017.1.00093.onishi/B3_uid___A001_X1284_X1d43_13CO10/7M_X1d47/uid___A002_Xc86fe5_Xa8ea_targets_line.ms','2017.1.00093.onishi/B3_uid___A001_X1284_X1d43_13CO10/7M_X1d47/uid___A002_Xc8ed16_X967c_targets_line.ms','2017.1.00093.onishi/B3_uid___A001_X1284_X1d43_13CO10/TM_X1d45/uid___A002_Xcb7a9d_X66d_targets_line.ms','2017.1.00093.onishi/B3_uid___A001_X1284_X1d43_13CO10/TM_X1d45/uid___A002_Xcb8a93_X1b2_targets_line.ms']	['18','18','18','18','18','18','18','27','27']	0.05	0.2	0.09	x				
N160	C18O10	2017.1.00093	YSO44,YSO04_08,YSO10_24,YSO15_20	1.5	T	12p7	2.3	1.8	['2017.1.00093.onishi/B3_uid___A001_X1284_X1d43_13CO10/7M_X1d47/uid___A002_Xc8d560_Xa994_targets_line.ms','2017.1.00093.onishi/B3_uid___A001_X1284_X1d43_13CO10/7M_X1d47/uid___A002_Xc8ed16_X88da_targets_line.ms','2017.1.00093.onishi/B3_uid___A001_X1284_X1d43_13CO10/7M_X1d47/uid___A002_Xc8d560_X9c47_targets_line.ms','2017.1.00093.onishi/B3_uid___A001_X1284_X1d43_13CO10/7M_X1d47/uid___A002_Xc8ed16_Xb52_targets_line.ms','2017.1.00093.onishi/B3_uid___A001_X1284_X1d43_13CO10/7M_X1d47/uid___A002_Xc8b2b0_Xdc1_targets_line.ms','2017.1.00093.onishi/B3_uid___A001_X1284_X1d43_13CO10/7M_X1d47/uid___A002_Xc86fe5_Xa8ea_targets_line.ms','2017.1.00093.onishi/B3_uid___A001_X1284_X1d43_13CO10/7M_X1d47/uid___A002_Xc8ed16_X967c_targets_line.ms','2017.1.00093.onishi/B3_uid___A001_X1284_X1d43_13CO10/TM_X1d45/uid___A002_Xcb7a9d_X66d_targets_line.ms','2017.1.00093.onishi/B3_uid___A001_X1284_X1d43_13CO10/TM_X1d45/uid___A002_Xcb8a93_X1b2_targets_line.ms']	['16','16','16','16','16','16','16','25','25']	0.05	0.2	0.09	x				
N160	CS21	2017.1.00093	YSO44,YSO04_08,YSO10_24,YSO15_20	1.5	T	12p7	2.6	2	['2017.1.00093.onishi/B3_uid___A001_X1284_X1d43_13CO10/7M_X1d47/uid___A002_Xc8d560_Xa994_targets_line.ms','2017.1.00093.onishi/B3_uid___A001_X1284_X1d43_13CO10/7M_X1d47/uid___A002_Xc8ed16_X88da_targets_line.ms','2017.1.00093.onishi/B3_uid___A001_X1284_X1d43_13CO10/7M_X1d47/uid___A002_Xc8d560_X9c47_targets_line.ms','2017.1.00093.onishi/B3_uid___A001_X1284_X1d43_13CO10/7M_X1d47/uid___A002_Xc8ed16_Xb52_targets_line.ms','2017.1.00093.onishi/B3_uid___A001_X1284_X1d43_13CO10/7M_X1d47/uid___A002_Xc8b2b0_Xdc1_targets_line.ms','2017.1.00093.onishi/B3_uid___A001_X1284_X1d43_13CO10/7M_X1d47/uid___A002_Xc86fe5_Xa8ea_targets_line.ms','2017.1.00093.onishi/B3_uid___A001_X1284_X1d43_13CO10/7M_X1d47/uid___A002_Xc8ed16_X967c_targets_line.ms','2017.1.00093.onishi/B3_uid___A001_X1284_X1d43_13CO10/TM_X1d45/uid___A002_Xcb7a9d_X66d_targets_line.ms','2017.1.00093.onishi/B3_uid___A001_X1284_X1d43_13CO10/TM_X1d45/uid___A002_Xcb8a93_X1b2_targets_line.ms']	['22','22','22','22','22','22','22','29','29']	0.02	0.2	0.09	x				
N160	SO3221	2017.1.00093	YSO44,YSO04_08,YSO10_24,YSO15_20	1.5	T	12p7	2.6	2	['2017.1.00093.onishi/B3_uid___A001_X1284_X1d43_13CO10/7M_X1d47/uid___A002_Xc8d560_Xa994_targets_line.ms','2017.1.00093.onishi/B3_uid___A001_X1284_X1d43_13CO10/7M_X1d47/uid___A002_Xc8ed16_X88da_targets_line.ms','2017.1.00093.onishi/B3_uid___A001_X1284_X1d43_13CO10/7M_X1d47/uid___A002_Xc8d560_X9c47_targets_line.ms','2017.1.00093.onishi/B3_uid___A001_X1284_X1d43_13CO10/7M_X1d47/uid___A002_Xc8ed16_Xb52_targets_line.ms','2017.1.00093.onishi/B3_uid___A001_X1284_X1d43_13CO10/7M_X1d47/uid___A002_Xc8b2b0_Xdc1_targets_line.ms','2017.1.00093.onishi/B3_uid___A001_X1284_X1d43_13CO10/7M_X1d47/uid___A002_Xc86fe5_Xa8ea_targets_line.ms','2017.1.00093.onishi/B3_uid___A001_X1284_X1d43_13CO10/7M_X1d47/uid___A002_Xc8ed16_X967c_targets_line.ms','2017.1.00093.onishi/B3_uid___A001_X1284_X1d43_13CO10/TM_X1d45/uid___A002_Xcb7a9d_X66d_targets_line.ms','2017.1.00093.onishi/B3_uid___A001_X1284_X1d43_13CO10/TM_X1d45/uid___A002_Xcb8a93_X1b2_targets_line.ms']	['24','24','24','24','24','24','24','31','31']	0.02	3	2.9	x				
N160	H40a	2017.1.00093	YSO44,YSO04_08,YSO10_24,YSO15_20	1.5	T	12p7	2.6	1.9	['2017.1.00093.onishi/B3_uid___A001_X1284_X1d43_13CO10/7M_X1d47/uid___A002_Xc8d560_Xa994_targets_line.ms','2017.1.00093.onishi/B3_uid___A001_X1284_X1d43_13CO10/7M_X1d47/uid___A002_Xc8ed16_X88da_targets_line.ms','2017.1.00093.onishi/B3_uid___A001_X1284_X1d43_13CO10/7M_X1d47/uid___A002_Xc8d560_X9c47_targets_line.ms','2017.1.00093.onishi/B3_uid___A001_X1284_X1d43_13CO10/7M_X1d47/uid___A002_Xc8ed16_Xb52_targets_line.ms','2017.1.00093.onishi/B3_uid___A001_X1284_X1d43_13CO10/7M_X1d47/uid___A002_Xc8b2b0_Xdc1_targets_line.ms','2017.1.00093.onishi/B3_uid___A001_X1284_X1d43_13CO10/7M_X1d47/uid___A002_Xc86fe5_Xa8ea_targets_line.ms','2017.1.00093.onishi/B3_uid___A001_X1284_X1d43_13CO10/7M_X1d47/uid___A002_Xc8ed16_X967c_targets_line.ms','2017.1.00093.onishi/B3_uid___A001_X1284_X1d43_13CO10/TM_X1d45/uid___A002_Xcb7a9d_X66d_targets_line.ms','2017.1.00093.onishi/B3_uid___A001_X1284_X1d43_13CO10/TM_X1d45/uid___A002_Xcb8a93_X1b2_targets_line.ms']	['24','24','24','24','24','24','24','31','31']	0.02	3	2.9	x				
N160	cont3mm	2017.1.00093	YSO44,YSO04_08,YSO10_24,YSO15_20	1.5	T	12p7	2.4	1.8	['2017.1.00093.onishi/B3_uid___A001_X1284_X1d43_13CO10/7M_X1d47/uid___A002_Xc8d560_Xa994_targets.ms','2017.1.00093.onishi/B3_uid___A001_X1284_X1d43_13CO10/7M_X1d47/uid___A002_Xc8ed16_X88da_targets.ms','2017.1.00093.onishi/B3_uid___A001_X1284_X1d43_13CO10/7M_X1d47/uid___A002_Xc8d560_X9c47_targets.ms','2017.1.00093.onishi/B3_uid___A001_X1284_X1d43_13CO10/7M_X1d47/uid___A002_Xc8ed16_Xb52_targets.ms','2017.1.00093.onishi/B3_uid___A001_X1284_X1d43_13CO10/7M_X1d47/uid___A002_Xc8b2b0_Xdc1_targets.ms','2017.1.00093.onishi/B3_uid___A001_X1284_X1d43_13CO10/7M_X1d47/uid___A002_Xc86fe5_Xa8ea_targets.ms','2017.1.00093.onishi/B3_uid___A001_X1284_X1d43_13CO10/7M_X1d47/uid___A002_Xc8ed16_X967c_targets.ms','2017.1.00093.onishi/B3_uid___A001_X1284_X1d43_13CO10/TM_X1d45/uid___A002_Xcb7a9d_X66d_targets.ms','2017.1.00093.onishi/B3_uid___A001_X1284_X1d43_13CO10/TM_X1d45/uid___A002_Xcb8a93_X1b2_targets.ms']	['20,24:10~850;1300~1900','20,24:10~850;1300~1900','20,24:10~850;1300~1900','20,24:10~850;1300~1900','20,24:10~850;1300~1900','20,24:10~850;1300~1900','20,24:10~850;1300~1900','19,31:10~850;1300~1900','19,31:10~850;1300~1900']	1.00E-04	3	2.9	x			Could clean deeper - tried; doesn't really do better	
N160	12CO10	2019.1.00915	Ridge-N2	1.5	T	12p7	2.2	1.8	"N160/N160_12CO10.ms"	"25,94,118,142"	0.1	0.2	0.05	"2019.1.00915.sawada/B3_uid___A001_X1465_X1ff7_N159/TP_X1ffd/member.uid___A001_X1465_X1ffd.Ridge-N2_sci.spw17.cube.I.sd.box4.canon/"	["2019.1.00915.sawada/B3_uid___A001_X1465_X1ff7_N159/TM_X1ff9/uid___A002_Xe34c04_X3373_targets_line.ms/","2019.1.00915.sawada/B3_uid___A001_X1465_X1ff7_N159/7M_X1ffb/uid___A002_Xe34c04_X4a54_targets_line.ms/","2019.1.00915.sawada/B3_uid___A001_X1465_X1ff7_N159/7M_X1ffb/uid___A002_Xe3a5fd_X15edc_targets_line.ms/","2019.1.00915.sawada/B3_uid___A001_X1465_X1ff7_N159/7M_X1ffb/uid___A002_Xe3da01_Xb1f6_targets_line.ms/"]	["25","16","16","16"]	maybe dynamically range limited - try mosaic selfcal	
N159E	13CO10	2012.1.00554	N159E	1.5	T	12p7	2.8	1.8	['2012.1.00554.fukui/B3_uid___A002_X5d7935_X3b9_N159E_13CO10/TM_X3bb/uid___A002_X74eb2a_X1b7_targets_line.ms/','2012.1.00554.fukui/B3_uid___A002_X5d7935_X3b9_N159E_13CO10/TM_X3bb/uid___A002_X74eb2a_X24b_targets_line.ms/','2012.1.00554.fukui/B3_uid___A002_X5d7935_X3b9_N159E_13CO10/7M_X3bd/uid___A002_X74deb6_X1585_targets_line.ms/','2012.1.00554.fukui/B3_uid___A002_X5d7935_X3b9_N159E_13CO10/7M_X3bd/uid___A002_X74eb2a_X5c8_targets_line.ms/','2012.1.00554.fukui/B3_uid___A002_X5d7935_X3b9_N159E_13CO10/7M_X3bd/uid___A002_X74eb2a_Xaa4_targets_line.ms/','2012.1.00554.fukui/B3_uid___A002_X5d7935_X3b9_N159E_13CO10/7M_X3bd/uid___A002_X796777_X66b_targets_line.ms/','2012.1.00554.fukui/B3_uid___A002_X5d7935_X3b9_N159E_13CO10/7M_X3bd/uid___A002_X7e72ba_X2d2_targets_line.ms/','2012.1.00554.fukui/B3_uid___A002_X5d7935_X3b9_N159E_13CO10/7M_X3bd/uid___A002_X7fc9da_X2ade_targets_line.ms/']	['17','17','16','16','16','16','16','16']	0.05	0.2	0.04	"2012.1.00554.fukui/B3_uid___A002_X5d7935_X3b9_N159E_13CO10/TP_X242/uid___A001_X147_X242.N159E_sci.spw17.cube.I.sd.box5.canon"				
N159E	C18O10	2012.1.00554	N159E	1.5	T	12p7	2.8	1.8	['2012.1.00554.fukui/B3_uid___A002_X5d7935_X3b9_N159E_13CO10/TM_X3bb/uid___A002_X74eb2a_X1b7_targets_line.ms/','2012.1.00554.fukui/B3_uid___A002_X5d7935_X3b9_N159E_13CO10/TM_X3bb/uid___A002_X74eb2a_X24b_targets_line.ms/','2012.1.00554.fukui/B3_uid___A002_X5d7935_X3b9_N159E_13CO10/7M_X3bd/uid___A002_X74deb6_X1585_targets_line.ms/','2012.1.00554.fukui/B3_uid___A002_X5d7935_X3b9_N159E_13CO10/7M_X3bd/uid___A002_X74eb2a_X5c8_targets_line.ms/','2012.1.00554.fukui/B3_uid___A002_X5d7935_X3b9_N159E_13CO10/7M_X3bd/uid___A002_X74eb2a_Xaa4_targets_line.ms/','2012.1.00554.fukui/B3_uid___A002_X5d7935_X3b9_N159E_13CO10/7M_X3bd/uid___A002_X796777_X66b_targets_line.ms/','2012.1.00554.fukui/B3_uid___A002_X5d7935_X3b9_N159E_13CO10/7M_X3bd/uid___A002_X7e72ba_X2d2_targets_line.ms/','2012.1.00554.fukui/B3_uid___A002_X5d7935_X3b9_N159E_13CO10/7M_X3bd/uid___A002_X7fc9da_X2ade_targets_line.ms/']	['19','19','18','18','18','18','18','18']	0.05	0.2	0.04	"2012.1.00554.fukui/B3_uid___A002_X5d7935_X3b9_N159E_13CO10/TP_X242/uid___A001_X147_X242.N159E_sci.spw19.cube.I.sd.canon"				
N159E	CS21	2012.1.00554	N159E	1.5	T	12p7	3.2	2.1	['2012.1.00554.fukui/B3_uid___A002_X5d7935_X3b9_N159E_13CO10/TM_X3bb/uid___A002_X74eb2a_X1b7_targets_line.ms/','2012.1.00554.fukui/B3_uid___A002_X5d7935_X3b9_N159E_13CO10/TM_X3bb/uid___A002_X74eb2a_X24b_targets_line.ms/','2012.1.00554.fukui/B3_uid___A002_X5d7935_X3b9_N159E_13CO10/7M_X3bd/uid___A002_X74deb6_X1585_targets_line.ms/','2012.1.00554.fukui/B3_uid___A002_X5d7935_X3b9_N159E_13CO10/7M_X3bd/uid___A002_X74eb2a_X5c8_targets_line.ms/','2012.1.00554.fukui/B3_uid___A002_X5d7935_X3b9_N159E_13CO10/7M_X3bd/uid___A002_X74eb2a_Xaa4_targets_line.ms/','2012.1.00554.fukui/B3_uid___A002_X5d7935_X3b9_N159E_13CO10/7M_X3bd/uid___A002_X796777_X66b_targets_line.ms/','2012.1.00554.fukui/B3_uid___A002_X5d7935_X3b9_N159E_13CO10/7M_X3bd/uid___A002_X7e72ba_X2d2_targets_line.ms/','2012.1.00554.fukui/B3_uid___A002_X5d7935_X3b9_N159E_13CO10/7M_X3bd/uid___A002_X7fc9da_X2ade_targets_line.ms/']	['21','21','20','20','20','20','20','20']	0.05	0.2	0.04	"2012.1.00554.fukui/B3_uid___A002_X5d7935_X3b9_N159E_13CO10/TP_X242/uid___A001_X147_X242.N159E_sci.spw21.cube.I.sd.box5.canon"				
N159E	H40a	2012.1.00554	N159E	1.5	T	12p7	3.2	2	['2012.1.00554.fukui/B3_uid___A002_X5d7935_X3b9_N159E_13CO10/TM_X3bb/uid___A002_X74eb2a_X1b7_targets_line.ms/','2012.1.00554.fukui/B3_uid___A002_X5d7935_X3b9_N159E_13CO10/TM_X3bb/uid___A002_X74eb2a_X24b_targets_line.ms/','2012.1.00554.fukui/B3_uid___A002_X5d7935_X3b9_N159E_13CO10/7M_X3bd/uid___A002_X74deb6_X1585_targets_line.ms/','2012.1.00554.fukui/B3_uid___A002_X5d7935_X3b9_N159E_13CO10/7M_X3bd/uid___A002_X74eb2a_X5c8_targets_line.ms/','2012.1.00554.fukui/B3_uid___A002_X5d7935_X3b9_N159E_13CO10/7M_X3bd/uid___A002_X74eb2a_Xaa4_targets_line.ms/','2012.1.00554.fukui/B3_uid___A002_X5d7935_X3b9_N159E_13CO10/7M_X3bd/uid___A002_X796777_X66b_targets_line.ms/','2012.1.00554.fukui/B3_uid___A002_X5d7935_X3b9_N159E_13CO10/7M_X3bd/uid___A002_X7e72ba_X2d2_targets_line.ms/','2012.1.00554.fukui/B3_uid___A002_X5d7935_X3b9_N159E_13CO10/7M_X3bd/uid___A002_X7fc9da_X2ade_targets_line.ms/']	['23','23','22','22','22','22','22','22']	0.05	1.5	1.48	"2012.1.00554.fukui/B3_uid___A002_X5d7935_X3b9_N159E_13CO10/TP_X242/uid___A001_X147_X242.N159E_sci.spw23.cube.I.sd.canon"				
N159E	SO3221	2012.1.00554	N159E	1.5	T	12p7	3.1	2	['2012.1.00554.fukui/B3_uid___A002_X5d7935_X3b9_N159E_13CO10/TM_X3bb/uid___A002_X74eb2a_X1b7_targets_line.ms/','2012.1.00554.fukui/B3_uid___A002_X5d7935_X3b9_N159E_13CO10/TM_X3bb/uid___A002_X74eb2a_X24b_targets_line.ms/','2012.1.00554.fukui/B3_uid___A002_X5d7935_X3b9_N159E_13CO10/7M_X3bd/uid___A002_X74deb6_X1585_targets_line.ms/','2012.1.00554.fukui/B3_uid___A002_X5d7935_X3b9_N159E_13CO10/7M_X3bd/uid___A002_X74eb2a_X5c8_targets_line.ms/','2012.1.00554.fukui/B3_uid___A002_X5d7935_X3b9_N159E_13CO10/7M_X3bd/uid___A002_X74eb2a_Xaa4_targets_line.ms/','2012.1.00554.fukui/B3_uid___A002_X5d7935_X3b9_N159E_13CO10/7M_X3bd/uid___A002_X796777_X66b_targets_line.ms/','2012.1.00554.fukui/B3_uid___A002_X5d7935_X3b9_N159E_13CO10/7M_X3bd/uid___A002_X7e72ba_X2d2_targets_line.ms/','2012.1.00554.fukui/B3_uid___A002_X5d7935_X3b9_N159E_13CO10/7M_X3bd/uid___A002_X7fc9da_X2ade_targets_line.ms/']	['23','23','22','22','22','22','22','22']	0.003	1.5	1.48	"2012.1.00554.fukui/B3_uid___A002_X5d7935_X3b9_N159E_13CO10/TP_X242/uid___A001_X147_X242.N159E_sci.spw23.cube.I.sd.canon"				
N159E	cont3mm	2012.1.00554	N159E	1.5	T	12p7	3.1	2	['2012.1.00554.fukui/B3_uid___A002_X5d7935_X3b9_N159E_13CO10/TM_X3bb/uid___A002_X74eb2a_X1b7_targets.ms/','2012.1.00554.fukui/B3_uid___A002_X5d7935_X3b9_N159E_13CO10/TM_X3bb/uid___A002_X74eb2a_X24b_targets.ms/','2012.1.00554.fukui/B3_uid___A002_X5d7935_X3b9_N159E_13CO10/7M_X3bd/uid___A002_X74deb6_X1585_targets.ms/','2012.1.00554.fukui/B3_uid___A002_X5d7935_X3b9_N159E_13CO10/7M_X3bd/uid___A002_X74eb2a_X5c8_targets.ms/','2012.1.00554.fukui/B3_uid___A002_X5d7935_X3b9_N159E_13CO10/7M_X3bd/uid___A002_X74eb2a_Xaa4_targets.ms/','2012.1.00554.fukui/B3_uid___A002_X5d7935_X3b9_N159E_13CO10/7M_X3bd/uid___A002_X796777_X66b_targets.ms/','2012.1.00554.fukui/B3_uid___A002_X5d7935_X3b9_N159E_13CO10/7M_X3bd/uid___A002_X7e72ba_X2d2_targets.ms/','2012.1.00554.fukui/B3_uid___A002_X5d7935_X3b9_N159E_13CO10/7M_X3bd/uid___A002_X7fc9da_X2ade_targets.ms/']	['23:3~1800;2600~3810','23:3~1800;2600~3810','22:3~1800;2600~3810','22:3~1800;2600~3810','22:3~1800;2600~3810','22:3~1800;2600~3810','22:3~1800;2600~3810','22:3~1800;2600~3810']	3.00E-04	1.5	1.48	x				
N159E	12CO10	2019.1.00915	Ridge-N3	2	T	12p7	2.2	1.8	['2019.1.00915.sawada/B3_uid___A001_X1465_X1ff7_N159/TM_X1ff9/uid___A002_Xe34c04_X3373_targets_line.ms','2019.1.00915.sawada/B3_uid___A001_X1465_X1ff7_N159/7M_X1ffb/uid___A002_Xe34c04_X4a54_targets_line.ms','2019.1.00915.sawada/B3_uid___A001_X1465_X1ff7_N159/7M_X1ffb/uid___A002_Xe3a5fd_X15edc_targets_line.ms','2019.1.00915.sawada/B3_uid___A001_X1465_X1ff7_N159/7M_X1ffb/uid___A002_Xe3da01_Xb1f6_targets_line.ms']	['25','16','16','16']	0.02	0.2	0.08	"2019.1.00915.sawada/B3_uid___A001_X1465_X1ff7_N159/TP_X1ffd/member.uid___A001_X1465_X1ffd.Ridge-N3_sci.spw17.cube.I.sd.hann.canon"			Wider FOV needed (square CO) -- can go deeper	
N159E	12CO21	2012.1.00554	N159E	2	F	12p7	1.4	1.1	['2012.1.00554.fukui/B6_uid___A002_X5d7935_X3b3_N159E_CO21/TM_X3b5/uid___A002_X74deb6_X14df_targets_line.ms/','2012.1.00554.fukui/B6_uid___A002_X5d7935_X3b3_N159E_CO21/TM_X3b5/uid___A002_X7c18c1_X4c7_targets_line.ms/','2012.1.00554.fukui/B6_uid___A002_X5d7935_X3b3_N159E_CO21/7M_X3b7/uid___A002_X6f2c6e_X3af3_targets_line.ms','2012.1.00554.fukui/B6_uid___A002_X5d7935_X3b3_N159E_CO21/7M_X3b7/uid___A002_X6f6a58_X88b_targets_line.ms','2012.1.00554.fukui/B6_uid___A002_X5d7935_X3b3_N159E_CO21/7M_X3b7/uid___A002_X71a45c_Xe44_targets_line.ms','2012.1.00554.fukui/B6_uid___A002_X5d7935_X3b3_N159E_CO21/7M_X3b7/uid___A002_X7c18c1_X2be_targets_line.ms']	['17','17','16','16','16','16']	0.02	0.2	0.02	x			Check weather! Image looks bad --> again, there might be an outlier antenna but overall phase is ok --> JD still some variances in the residual but does look better	
N159E	13CO21	2012.1.00554	N159E	2	F	12p7	1.3	0.9	['2012.1.00554.fukui/B6_uid___A002_X5d7935_X3b3_N159E_CO21/TM_X3b5/uid___A002_X74deb6_X14df_targets_line.ms/','2012.1.00554.fukui/B6_uid___A002_X5d7935_X3b3_N159E_CO21/TM_X3b5/uid___A002_X7c18c1_X4c7_targets_line.ms/','2012.1.00554.fukui/B6_uid___A002_X5d7935_X3b3_N159E_CO21/7M_X3b7/uid___A002_X6f2c6e_X3af3_targets_line.ms','2012.1.00554.fukui/B6_uid___A002_X5d7935_X3b3_N159E_CO21/7M_X3b7/uid___A002_X6f6a58_X88b_targets_line.ms','2012.1.00554.fukui/B6_uid___A002_X5d7935_X3b3_N159E_CO21/7M_X3b7/uid___A002_X71a45c_Xe44_targets_line.ms','2012.1.00554.fukui/B6_uid___A002_X5d7935_X3b3_N159E_CO21/7M_X3b7/uid___A002_X7c18c1_X2be_targets_line.ms']	['21','21','20','20','20','20']	0.02	0.2	0.02	x			Check weather!	
N159E	C18O21	2012.1.00554	N159E	2	F	12p7	1.3	1	['2012.1.00554.fukui/B6_uid___A002_X5d7935_X3b3_N159E_CO21/TM_X3b5/uid___A002_X74deb6_X14df_targets_line.ms/','2012.1.00554.fukui/B6_uid___A002_X5d7935_X3b3_N159E_CO21/TM_X3b5/uid___A002_X7c18c1_X4c7_targets_line.ms/','2012.1.00554.fukui/B6_uid___A002_X5d7935_X3b3_N159E_CO21/7M_X3b7/uid___A002_X6f2c6e_X3af3_targets_line.ms','2012.1.00554.fukui/B6_uid___A002_X5d7935_X3b3_N159E_CO21/7M_X3b7/uid___A002_X6f6a58_X88b_targets_line.ms','2012.1.00554.fukui/B6_uid___A002_X5d7935_X3b3_N159E_CO21/7M_X3b7/uid___A002_X71a45c_Xe44_targets_line.ms','2012.1.00554.fukui/B6_uid___A002_X5d7935_X3b3_N159E_CO21/7M_X3b7/uid___A002_X7c18c1_X2be_targets_line.ms']	['23','23','22','22','22','22']	0.02	0.2	0.02	x				
N159E	H30a	2012.1.00554	N159E	2	F	12p7	1.2	0.9	['2012.1.00554.fukui/B6_uid___A002_X5d7935_X3b3_N159E_CO21/TM_X3b5/uid___A002_X74deb6_X14df_targets_line.ms/','2012.1.00554.fukui/B6_uid___A002_X5d7935_X3b3_N159E_CO21/TM_X3b5/uid___A002_X7c18c1_X4c7_targets_line.ms/','2012.1.00554.fukui/B6_uid___A002_X5d7935_X3b3_N159E_CO21/7M_X3b7/uid___A002_X6f2c6e_X3af3_targets_line.ms','2012.1.00554.fukui/B6_uid___A002_X5d7935_X3b3_N159E_CO21/7M_X3b7/uid___A002_X6f6a58_X88b_targets_line.ms','2012.1.00554.fukui/B6_uid___A002_X5d7935_X3b3_N159E_CO21/7M_X3b7/uid___A002_X71a45c_Xe44_targets_line.ms','2012.1.00554.fukui/B6_uid___A002_X5d7935_X3b3_N159E_CO21/7M_X3b7/uid___A002_X7c18c1_X2be_targets_line.ms']	['19','19','18','18','18','18']	0.02	0.8	0.63	x				
N159E	cont1mm	2012.1.00554	N159E	2	F	12p7	1.2	0.9	['2012.1.00554.fukui/B6_uid___A002_X5d7935_X3b3_N159E_CO21/TM_X3b5/uid___A002_X74deb6_X14df_targets.ms/','2012.1.00554.fukui/B6_uid___A002_X5d7935_X3b3_N159E_CO21/TM_X3b5/uid___A002_X7c18c1_X4c7_targets.ms/','2012.1.00554.fukui/B6_uid___A002_X5d7935_X3b3_N159E_CO21/7M_X3b7/uid___A002_X6f2c6e_X3af3_targets.ms','2012.1.00554.fukui/B6_uid___A002_X5d7935_X3b3_N159E_CO21/7M_X3b7/uid___A002_X6f6a58_X88b_targets.ms','2012.1.00554.fukui/B6_uid___A002_X5d7935_X3b3_N159E_CO21/7M_X3b7/uid___A002_X71a45c_Xe44_targets.ms','2012.1.00554.fukui/B6_uid___A002_X5d7935_X3b3_N159E_CO21/7M_X3b7/uid___A002_X7c18c1_X2be_targets.ms']	['19:5~1500;1950~3810','19:5~1500;1950~3810','18:5~1500;1950~3810','18:5~1500;1950~3810','18:5~1500;1950~3810','18:5~1500;1950~3810']	3.00E-04	0.8	0.63	x				
N159W	13CO10	2012.1.00554	N159W	1.5	T	12p7	2.6	1.8	['2012.1.00554.fukui/B3_uid___A002_X5d7935_X3ad_N159W_13CO10/TM_X3af/uid___A002_X74d4df_X913_targets_line.ms','2012.1.00554.fukui/B3_uid___A002_X5d7935_X3ad_N159W_13CO10/TM_X3af/uid___A002_X7c18c1_X6c6_targets_line.ms','2012.1.00554.fukui/B3_uid___A002_X5d7935_X3ad_N159W_13CO10/7M_X3b1/uid___A002_X74deb6_X44e_targets_line.ms','2012.1.00554.fukui/B3_uid___A002_X5d7935_X3ad_N159W_13CO10/7M_X3b1/uid___A002_X74deb6_X66f_targets_line.ms','2012.1.00554.fukui/B3_uid___A002_X5d7935_X3ad_N159W_13CO10/7M_X3b1/uid___A002_X796777_X493_targets_line.ms','2012.1.00554.fukui/B3_uid___A002_X5d7935_X3ad_N159W_13CO10/7M_X3b1/uid___A002_X9d355b_Xa00_targets_line.ms']	['17','17','16','16','16','16']	0.03	0.2	0.04	"2012.1.00554.fukui/B3_uid___A002_X5d7935_X3ad_N159W_13CO10/TP_X23a/uid___A001_X147_X23a.N159W_sci.spw17.cube.I.sd.box5.0.2kmsres.canon"				
N159W	C18O10	2012.1.00554	N159W	1.5	T	12p7	2.6	1.8	['2012.1.00554.fukui/B3_uid___A002_X5d7935_X3ad_N159W_13CO10/TM_X3af/uid___A002_X74d4df_X913_targets_line.ms','2012.1.00554.fukui/B3_uid___A002_X5d7935_X3ad_N159W_13CO10/TM_X3af/uid___A002_X7c18c1_X6c6_targets_line.ms','2012.1.00554.fukui/B3_uid___A002_X5d7935_X3ad_N159W_13CO10/7M_X3b1/uid___A002_X74deb6_X44e_targets_line.ms','2012.1.00554.fukui/B3_uid___A002_X5d7935_X3ad_N159W_13CO10/7M_X3b1/uid___A002_X74deb6_X66f_targets_line.ms','2012.1.00554.fukui/B3_uid___A002_X5d7935_X3ad_N159W_13CO10/7M_X3b1/uid___A002_X796777_X493_targets_line.ms','2012.1.00554.fukui/B3_uid___A002_X5d7935_X3ad_N159W_13CO10/7M_X3b1/uid___A002_X9d355b_Xa00_targets_line.ms']	['19','19','18','18','18','18']	0.03	0.2	0.04	"2012.1.00554.fukui/B3_uid___A002_X5d7935_X3ad_N159W_13CO10/TP_X23a/uid___A001_X147_X23a.N159W_sci.spw19.cube.I.sd.canon"				
N159W	CS21	2012.1.00554	N159W	1.5	T	12p7	3	2.1	['2012.1.00554.fukui/B3_uid___A002_X5d7935_X3ad_N159W_13CO10/TM_X3af/uid___A002_X74d4df_X913_targets_line.ms','2012.1.00554.fukui/B3_uid___A002_X5d7935_X3ad_N159W_13CO10/TM_X3af/uid___A002_X7c18c1_X6c6_targets_line.ms','2012.1.00554.fukui/B3_uid___A002_X5d7935_X3ad_N159W_13CO10/7M_X3b1/uid___A002_X74deb6_X44e_targets_line.ms','2012.1.00554.fukui/B3_uid___A002_X5d7935_X3ad_N159W_13CO10/7M_X3b1/uid___A002_X74deb6_X66f_targets_line.ms','2012.1.00554.fukui/B3_uid___A002_X5d7935_X3ad_N159W_13CO10/7M_X3b1/uid___A002_X796777_X493_targets_line.ms','2012.1.00554.fukui/B3_uid___A002_X5d7935_X3ad_N159W_13CO10/7M_X3b1/uid___A002_X9d355b_Xa00_targets_line.ms']	['21','21','20','20','20','20']	0.03	0.2	0.04	"2012.1.00554.fukui/B3_uid___A002_X5d7935_X3ad_N159W_13CO10/TP_X23a/uid___A001_X147_X23a.N159W_sci.spw21.cube.I.sd.box5.0.2kmsres.canon"				
N159W	H40a	2012.1.00554	N159W	1.5	T	12p7	3	2.1	['2012.1.00554.fukui/B3_uid___A002_X5d7935_X3ad_N159W_13CO10/TM_X3af/uid___A002_X74d4df_X913_targets_line.ms','2012.1.00554.fukui/B3_uid___A002_X5d7935_X3ad_N159W_13CO10/TM_X3af/uid___A002_X7c18c1_X6c6_targets_line.ms','2012.1.00554.fukui/B3_uid___A002_X5d7935_X3ad_N159W_13CO10/7M_X3b1/uid___A002_X74deb6_X44e_targets_line.ms','2012.1.00554.fukui/B3_uid___A002_X5d7935_X3ad_N159W_13CO10/7M_X3b1/uid___A002_X74deb6_X66f_targets_line.ms','2012.1.00554.fukui/B3_uid___A002_X5d7935_X3ad_N159W_13CO10/7M_X3b1/uid___A002_X796777_X493_targets_line.ms','2012.1.00554.fukui/B3_uid___A002_X5d7935_X3ad_N159W_13CO10/7M_X3b1/uid___A002_X9d355b_Xa00_targets_line.ms']	['23','23','22','22','22','22']	0.01	1.5	1.48	"2012.1.00554.fukui/B3_uid___A002_X5d7935_X3ad_N159W_13CO10/TP_X23a/uid___A001_X147_X23a.N159W_sci.spw23.cube.I.sd.canon"				
N159W	SO3221	2012.1.00554	N159W	1.5	T	12p7	2.9	2.1	['2012.1.00554.fukui/B3_uid___A002_X5d7935_X3ad_N159W_13CO10/TM_X3af/uid___A002_X74d4df_X913_targets_line.ms','2012.1.00554.fukui/B3_uid___A002_X5d7935_X3ad_N159W_13CO10/TM_X3af/uid___A002_X7c18c1_X6c6_targets_line.ms','2012.1.00554.fukui/B3_uid___A002_X5d7935_X3ad_N159W_13CO10/7M_X3b1/uid___A002_X74deb6_X44e_targets_line.ms','2012.1.00554.fukui/B3_uid___A002_X5d7935_X3ad_N159W_13CO10/7M_X3b1/uid___A002_X74deb6_X66f_targets_line.ms','2012.1.00554.fukui/B3_uid___A002_X5d7935_X3ad_N159W_13CO10/7M_X3b1/uid___A002_X796777_X493_targets_line.ms','2012.1.00554.fukui/B3_uid___A002_X5d7935_X3ad_N159W_13CO10/7M_X3b1/uid___A002_X9d355b_Xa00_targets_line.ms']	['23','23','22','22','22','22']	0.01	1.5	1.48	"2012.1.00554.fukui/B3_uid___A002_X5d7935_X3ad_N159W_13CO10/TP_X23a/uid___A001_X147_X23a.N159W_sci.spw23.cube.I.sd.canon"				
N159W	cont3mm	2012.1.00554	N159W	1.5	T	12p7	2.9	2	['2012.1.00554.fukui/B3_uid___A002_X5d7935_X3ad_N159W_13CO10/TM_X3af/uid___A002_X74d4df_X913_targets.ms','2012.1.00554.fukui/B3_uid___A002_X5d7935_X3ad_N159W_13CO10/TM_X3af/uid___A002_X7c18c1_X6c6_targets.ms','2012.1.00554.fukui/B3_uid___A002_X5d7935_X3ad_N159W_13CO10/7M_X3b1/uid___A002_X74deb6_X44e_targets.ms','2012.1.00554.fukui/B3_uid___A002_X5d7935_X3ad_N159W_13CO10/7M_X3b1/uid___A002_X74deb6_X66f_targets.ms','2012.1.00554.fukui/B3_uid___A002_X5d7935_X3ad_N159W_13CO10/7M_X3b1/uid___A002_X796777_X493_targets.ms','2012.1.00554.fukui/B3_uid___A002_X5d7935_X3ad_N159W_13CO10/7M_X3b1/uid___A002_X9d355b_Xa00_targets.ms']	['23:3~1800;2600~3810','23:3~1800;2600~3810','22:3~1800;2600~3810','22:3~1800;2600~3810','22:3~1800;2600~3810','22:3~1800;2600~3810']	3.00E-04	1.5	1.48	x				
N159W	12CO10	2019.1.00915	Ridge-N4	2	T	12p7	2.2	1.8	['2019.1.00915.sawada/B3_uid___A001_X1465_X1ff7_N159/TM_X1ff9/uid___A002_Xe34c04_X3373_targets_line.ms','2019.1.00915.sawada/B3_uid___A001_X1465_X1ff7_N159/7M_X1ffb/uid___A002_Xe34c04_X4a54_targets_line.ms','2019.1.00915.sawada/B3_uid___A001_X1465_X1ff7_N159/7M_X1ffb/uid___A002_Xe3a5fd_X15edc_targets_line.ms','2019.1.00915.sawada/B3_uid___A001_X1465_X1ff7_N159/7M_X1ffb/uid___A002_Xe3da01_Xb1f6_targets_line.ms']	['25','16','16','16']	0.05	0.2	0.08	"2019.1.00915.sawada/B3_uid___A001_X1465_X1ff7_N159/TP_X1ffd/member.uid___A001_X1465_X1ffd.Ridge-N4_sci.spw17.cube.I.sd.hann.canon"				
N159W	12CO21	2012.1.00554	N159W	2	F	12p7	1.4	1.1	['2012.1.00554.fukui/B6_uid___A002_X5d7935_X3a7_N159W_CO21/TM_X3a9/uid___A002_X74a173_X23b7_targets_line.ms','2012.1.00554.fukui/B6_uid___A002_X5d7935_X3a7_N159W_CO21/TM_X3a9/uid___A002_X7b492c_X4a0_targets_line.ms','2012.1.00554.fukui/B6_uid___A002_X5d7935_X3a7_N159W_CO21/7M_X3ab/uid___A002_X6f2c6e_X3529_targets_line.ms','2012.1.00554.fukui/B6_uid___A002_X5d7935_X3a7_N159W_CO21/7M_X3ab/uid___A002_X6f4daf_X112c_targets_line.ms','2012.1.00554.fukui/B6_uid___A002_X5d7935_X3a7_N159W_CO21/7M_X3ab/uid___A002_X6f6a58_X6ff_targets_line.ms']	['17','17','16','16','16']	nsigma=1.5	0.2	0.02	x			check weather > maybe an outlier antenna in 1 eb but overall weather is fine ->>> Could need to go deeper -> The image probably won't improve, but deeper might help?	
N159W	13CO21	2012.1.00554	N159W	2	F	12p7	1.5	1.1	['2012.1.00554.fukui/B6_uid___A002_X5d7935_X3a7_N159W_CO21/TM_X3a9/uid___A002_X74a173_X23b7_targets_line.ms','2012.1.00554.fukui/B6_uid___A002_X5d7935_X3a7_N159W_CO21/TM_X3a9/uid___A002_X7b492c_X4a0_targets_line.ms','2012.1.00554.fukui/B6_uid___A002_X5d7935_X3a7_N159W_CO21/7M_X3ab/uid___A002_X6f2c6e_X3529_targets_line.ms','2012.1.00554.fukui/B6_uid___A002_X5d7935_X3a7_N159W_CO21/7M_X3ab/uid___A002_X6f4daf_X112c_targets_line.ms','2012.1.00554.fukui/B6_uid___A002_X5d7935_X3a7_N159W_CO21/7M_X3ab/uid___A002_X6f6a58_X6ff_targets_line.ms']	['21','21','20','20','20']	0.04	0.2	0.02	x			bowls	
N159W	C18O21	2012.1.00554	N159W	2	F	12p7	1.5	1.1	['2012.1.00554.fukui/B6_uid___A002_X5d7935_X3a7_N159W_CO21/TM_X3a9/uid___A002_X74a173_X23b7_targets_line.ms','2012.1.00554.fukui/B6_uid___A002_X5d7935_X3a7_N159W_CO21/TM_X3a9/uid___A002_X7b492c_X4a0_targets_line.ms','2012.1.00554.fukui/B6_uid___A002_X5d7935_X3a7_N159W_CO21/7M_X3ab/uid___A002_X6f2c6e_X3529_targets_line.ms','2012.1.00554.fukui/B6_uid___A002_X5d7935_X3a7_N159W_CO21/7M_X3ab/uid___A002_X6f4daf_X112c_targets_line.ms','2012.1.00554.fukui/B6_uid___A002_X5d7935_X3a7_N159W_CO21/7M_X3ab/uid___A002_X6f6a58_X6ff_targets_line.ms']	['23','23','22','22','22']	0.02	0.2	0.02	x				
N159W	H30a	2012.1.00554	N159W	2	F	12p7	1.4	1.1	['2012.1.00554.fukui/B6_uid___A002_X5d7935_X3a7_N159W_CO21/TM_X3a9/uid___A002_X74a173_X23b7_targets_line.ms','2012.1.00554.fukui/B6_uid___A002_X5d7935_X3a7_N159W_CO21/TM_X3a9/uid___A002_X7b492c_X4a0_targets_line.ms','2012.1.00554.fukui/B6_uid___A002_X5d7935_X3a7_N159W_CO21/7M_X3ab/uid___A002_X6f2c6e_X3529_targets_line.ms','2012.1.00554.fukui/B6_uid___A002_X5d7935_X3a7_N159W_CO21/7M_X3ab/uid___A002_X6f4daf_X112c_targets_line.ms','2012.1.00554.fukui/B6_uid___A002_X5d7935_X3a7_N159W_CO21/7M_X3ab/uid___A002_X6f6a58_X6ff_targets_line.ms']	['19','19','18','18','18']	0.05	0.8	0.63	x				
N159W	cont1mm	2012.1.00554	N159W	2	F	12p7	1.3	1.1	['2012.1.00554.fukui/B6_uid___A002_X5d7935_X3a7_N159W_CO21/TM_X3a9/uid___A002_X74a173_X23b7_targets.ms','2012.1.00554.fukui/B6_uid___A002_X5d7935_X3a7_N159W_CO21/TM_X3a9/uid___A002_X7b492c_X4a0_targets.ms','2012.1.00554.fukui/B6_uid___A002_X5d7935_X3a7_N159W_CO21/7M_X3ab/uid___A002_X6f2c6e_X3529_targets.ms','2012.1.00554.fukui/B6_uid___A002_X5d7935_X3a7_N159W_CO21/7M_X3ab/uid___A002_X6f4daf_X112c_targets.ms','2012.1.00554.fukui/B6_uid___A002_X5d7935_X3a7_N159W_CO21/7M_X3ab/uid___A002_X6f6a58_X6ff_targets.ms']	['19:5~1500;1950~3810','19:5~1500;1950~3810','18:5~1500;1950~3810','18:5~1500;1950~3810','18:5~1500;1950~3810']	2.50E-04	0.8	0.63	x				
N159S	13CO10	2016.1.00782	N159S	1.5	T	12p7	2.6	1.8	['2016.1.00782.chen/B3_uid___A001_X87c_X813_N159S-1_13CO10/TM_X815/uid___A002_Xbc4a22_X101a_targets_line.ms','2016.1.00782.chen/B3_uid___A001_X87c_X813_N159S-1_13CO10/TM_X815/uid___A002_Xbc5a0f_X11d4_targets_line.ms','2016.1.00782.chen/B3_uid___A001_X87c_X813_N159S-1_13CO10/7M_X817/uid___A002_Xbbc4d2_X191b_targets_line.ms/','2016.1.00782.chen/B3_uid___A001_X87c_X813_N159S-1_13CO10/7M_X817/uid___A002_Xbbf310_X144a_targets_line.ms/','2016.1.00782.chen/B3_uid___A001_X87c_X819_N159S-2_13CO10/TM_X81b/uid___A002_Xbc22e9_X69c_targets_line.ms/','2016.1.00782.chen/B3_uid___A001_X87c_X819_N159S-2_13CO10/7M_X81d/uid___A002_Xbbadbe_X33fc_targets_line.ms/']	['29','29','20','20','29','20']	0.01	0.4	0.3	"2016.1.00782.chen/image/n159s_13CO10.MAGMA.jybm.gridto12.image"				
N159S	CS21	2016.1.00782	N159S	1.5	T	12p7	3	2.1	['2016.1.00782.chen/B3_uid___A001_X87c_X813_N159S-1_13CO10/TM_X815/uid___A002_Xbc4a22_X101a_targets_line.ms','2016.1.00782.chen/B3_uid___A001_X87c_X813_N159S-1_13CO10/TM_X815/uid___A002_Xbc5a0f_X11d4_targets_line.ms','2016.1.00782.chen/B3_uid___A001_X87c_X813_N159S-1_13CO10/7M_X817/uid___A002_Xbbc4d2_X191b_targets_line.ms/','2016.1.00782.chen/B3_uid___A001_X87c_X813_N159S-1_13CO10/7M_X817/uid___A002_Xbbf310_X144a_targets_line.ms/','2016.1.00782.chen/B3_uid___A001_X87c_X819_N159S-2_13CO10/TM_X81b/uid___A002_Xbc22e9_X69c_targets_line.ms/','2016.1.00782.chen/B3_uid___A001_X87c_X819_N159S-2_13CO10/7M_X81d/uid___A002_Xbbadbe_X33fc_targets_line.ms/']	['37','37','30','30','37','30']	0.005	0.4	0.37	x				
N159S	C18O10	2016.1.00782	N159S	1.5	T	12p7	3	2.1	['2016.1.00782.chen/B3_uid___A001_X87c_X813_N159S-1_13CO10/TM_X815/uid___A002_Xbc4a22_X101a_targets_line.ms','2016.1.00782.chen/B3_uid___A001_X87c_X813_N159S-1_13CO10/TM_X815/uid___A002_Xbc5a0f_X11d4_targets_line.ms','2016.1.00782.chen/B3_uid___A001_X87c_X813_N159S-1_13CO10/7M_X817/uid___A002_Xbbc4d2_X191b_targets_line.ms/','2016.1.00782.chen/B3_uid___A001_X87c_X813_N159S-1_13CO10/7M_X817/uid___A002_Xbbf310_X144a_targets_line.ms/','2016.1.00782.chen/B3_uid___A001_X87c_X819_N159S-2_13CO10/TM_X81b/uid___A002_Xbc22e9_X69c_targets_line.ms/','2016.1.00782.chen/B3_uid___A001_X87c_X819_N159S-2_13CO10/7M_X81d/uid___A002_Xbbadbe_X33fc_targets_line.ms/']	['25','25','16','16','25','26']	0.01	0.4	0.3	x				
N159S	cont3mm	2016.1.00782	N159S	1.5	T	12p7	3	2.1	['2016.1.00782.chen/B3_uid___A001_X87c_X813_N159S-1_13CO10/TM_X815/uid___A002_Xbc4a22_X101a_targets.ms','2016.1.00782.chen/B3_uid___A001_X87c_X813_N159S-1_13CO10/TM_X815/uid___A002_Xbc5a0f_X11d4_targets.ms','2016.1.00782.chen/B3_uid___A001_X87c_X813_N159S-1_13CO10/7M_X817/uid___A002_Xbbc4d2_X191b_targets.ms/','2016.1.00782.chen/B3_uid___A001_X87c_X813_N159S-1_13CO10/7M_X817/uid___A002_Xbbf310_X144a_targets.ms/','2016.1.00782.chen/B3_uid___A001_X87c_X819_N159S-2_13CO10/TM_X81b/uid___A002_Xbc22e9_X69c_targets.ms/','2016.1.00782.chen/B3_uid___A001_X87c_X819_N159S-2_13CO10/7M_X81d/uid___A002_Xbbadbe_X33fc_targets.ms/']	['21:96.7GHz~97.8GHz','21:96.7GHz~97.8GHz','22:96.7GHz~97.8GHz','22:96.7GHz~97.8GHz','21:96.7GHz~97.8GHz','22:96.7GHz~97.8GHz']	0.01	1	0.3	x				
N159S	12CO10	2019.1.00915	Ridge-N5	2	T	12p7	2.2	1.8	['2019.1.00915.sawada/B3_uid___A001_X1465_X1ff7_N159/TM_X1ff9/uid___A002_Xe34c04_X3373_targets_line.ms','2019.1.00915.sawada/B3_uid___A001_X1465_X1ff7_N159/7M_X1ffb/uid___A002_Xe34c04_X4a54_targets_line.ms','2019.1.00915.sawada/B3_uid___A001_X1465_X1ff7_N159/7M_X1ffb/uid___A002_Xe3a5fd_X15edc_targets_line.ms','2019.1.00915.sawada/B3_uid___A001_X1465_X1ff7_N159/7M_X1ffb/uid___A002_Xe3da01_Xb1f6_targets_line.ms']	['25','16','16','16']	0.05	0.4	0.08	"2019.1.00915.sawada/B3_uid___A001_X1465_X1ff7_N159/TP_X1ffd/member.uid___A001_X1465_X1ffd.Ridge-N5_sci.spw17.cube.I.sd.hann.canon"				
N159S	12CO21	2016.1.00782	N159S	1.5	T	12p7	2.1	1.5	["2016.1.00782.chen/B6_uid___A001_X87c_X81f_N159S-2_CO21/TM_X821/uid___A002_Xbe9cf2_X220_targets_line.ms/","2016.1.00782.chen/B6_uid___A001_X87d_Xc22_N159S-1_CO21/TM_Xc24/uid___A002_Xbe9cf2_X50e_targets_line.ms/","2016.1.00782.chen/B6_uid___A001_X87c_X81f_N159S-2_CO21/7M_X823/uid___A002_Xbb85b6_X219b_targets_line.ms/","2016.1.00782.chen/B6_uid___A001_X87c_X81f_N159S-2_CO21/7M_X823/uid___A002_Xbb85b6_X737c_targets_line.ms/","2016.1.00782.chen/B6_uid___A001_X87c_X81f_N159S-2_CO21/7M_X823/uid___A002_Xbb85b6_X8488_targets_line.ms/","2016.1.00782.chen/B6_uid___A001_X87d_Xc22_N159S-1_CO21/7M_Xc26/uid___A002_Xbb154b_X2244_line.ms/","2016.1.00782.chen/B6_uid___A001_X87d_Xc22_N159S-1_CO21/7M_Xc26/uid___A002_Xbb54fa_X101a_line.ms/","2016.1.00782.chen/B6_uid___A001_X87d_Xc22_N159S-1_CO21/7M_Xc26/uid___A002_Xbb5cfb_X1671_line.ms/","2016.1.00782.chen/B6_uid___A001_X87d_Xc22_N159S-1_CO21/7M_Xc26/uid___A002_Xbb7114_X1e8e_line.ms/","2016.1.00782.chen/B6_uid___A001_X87d_Xc22_N159S-1_CO21/7M_Xc26/uid___A002_Xbb7114_X2dd7_line.ms/","2016.1.00782.chen/B6_uid___A001_X87d_Xc22_N159S-1_CO21/7M_Xc26/uid___A002_Xbb7114_X3a76_line.ms/","2016.1.00782.chen/B6_uid___A001_X87d_Xc22_N159S-1_CO21/7M_Xc26/uid___A002_Xbb7114_X9c67_line.ms/","2016.1.00782.chen/B6_uid___A001_X87d_Xc22_N159S-1_CO21/7M_Xc26/uid___A002_Xbb7114_Xa9f9_line.ms/","2016.1.00782.chen/B6_uid___A001_X87d_Xc22_N159S-1_CO21/7M_Xc26/uid___A002_Xbb7114_Xb2e8_line.ms/"]	['27','25','18','18','18','16','16','16','16','16','16','16','16','16']	nsigma=3	0.4	0.16	"apex_N159S/N159S-12CO21_Tmb.canon"				
N159S	13CO21	2016.1.00782	N159S	1.5	T	12p7	2	1.5	["2016.1.00782.chen/B6_uid___A001_X87c_X81f_N159S-2_CO21/TM_X821/uid___A002_Xbe9cf2_X220_targets_line.ms/","2016.1.00782.chen/B6_uid___A001_X87d_Xc22_N159S-1_CO21/TM_Xc24/uid___A002_Xbe9cf2_X50e_targets_line.ms/","2016.1.00782.chen/B6_uid___A001_X87c_X81f_N159S-2_CO21/7M_X823/uid___A002_Xbb85b6_X219b_targets_line.ms/","2016.1.00782.chen/B6_uid___A001_X87c_X81f_N159S-2_CO21/7M_X823/uid___A002_Xbb85b6_X737c_targets_line.ms/","2016.1.00782.chen/B6_uid___A001_X87c_X81f_N159S-2_CO21/7M_X823/uid___A002_Xbb85b6_X8488_targets_line.ms/","2016.1.00782.chen/B6_uid___A001_X87d_Xc22_N159S-1_CO21/7M_Xc26/uid___A002_Xbb154b_X2244_line.ms/","2016.1.00782.chen/B6_uid___A001_X87d_Xc22_N159S-1_CO21/7M_Xc26/uid___A002_Xbb54fa_X101a_line.ms/","2016.1.00782.chen/B6_uid___A001_X87d_Xc22_N159S-1_CO21/7M_Xc26/uid___A002_Xbb5cfb_X1671_line.ms/","2016.1.00782.chen/B6_uid___A001_X87d_Xc22_N159S-1_CO21/7M_Xc26/uid___A002_Xbb7114_X1e8e_line.ms/","2016.1.00782.chen/B6_uid___A001_X87d_Xc22_N159S-1_CO21/7M_Xc26/uid___A002_Xbb7114_X2dd7_line.ms/","2016.1.00782.chen/B6_uid___A001_X87d_Xc22_N159S-1_CO21/7M_Xc26/uid___A002_Xbb7114_X3a76_line.ms/","2016.1.00782.chen/B6_uid___A001_X87d_Xc22_N159S-1_CO21/7M_Xc26/uid___A002_Xbb7114_X9c67_line.ms/","2016.1.00782.chen/B6_uid___A001_X87d_Xc22_N159S-1_CO21/7M_Xc26/uid___A002_Xbb7114_Xa9f9_line.ms/","2016.1.00782.chen/B6_uid___A001_X87d_Xc22_N159S-1_CO21/7M_Xc26/uid___A002_Xbb7114_Xb2e8_line.ms/"]	['39','39','32','32','32','32','32','32','32','32','32','32','32','32']	0.05	0.4	0.16	"apex_N159S/N159S-13CO21_Tmb.canon"				
N159S	C18O21	2016.1.00782	N159S	1.5	T	12p7	2	1.5	["2016.1.00782.chen/B6_uid___A001_X87c_X81f_N159S-2_CO21/TM_X821/uid___A002_Xbe9cf2_X220_targets_line.ms/","2016.1.00782.chen/B6_uid___A001_X87d_Xc22_N159S-1_CO21/TM_Xc24/uid___A002_Xbe9cf2_X50e_targets_line.ms/","2016.1.00782.chen/B6_uid___A001_X87c_X81f_N159S-2_CO21/7M_X823/uid___A002_Xbb85b6_X219b_targets_line.ms/","2016.1.00782.chen/B6_uid___A001_X87c_X81f_N159S-2_CO21/7M_X823/uid___A002_Xbb85b6_X737c_targets_line.ms/","2016.1.00782.chen/B6_uid___A001_X87c_X81f_N159S-2_CO21/7M_X823/uid___A002_Xbb85b6_X8488_targets_line.ms/","2016.1.00782.chen/B6_uid___A001_X87d_Xc22_N159S-1_CO21/7M_Xc26/uid___A002_Xbb154b_X2244_line.ms/","2016.1.00782.chen/B6_uid___A001_X87d_Xc22_N159S-1_CO21/7M_Xc26/uid___A002_Xbb54fa_X101a_line.ms/","2016.1.00782.chen/B6_uid___A001_X87d_Xc22_N159S-1_CO21/7M_Xc26/uid___A002_Xbb5cfb_X1671_line.ms/","2016.1.00782.chen/B6_uid___A001_X87d_Xc22_N159S-1_CO21/7M_Xc26/uid___A002_Xbb7114_X1e8e_line.ms/","2016.1.00782.chen/B6_uid___A001_X87d_Xc22_N159S-1_CO21/7M_Xc26/uid___A002_Xbb7114_X2dd7_line.ms/","2016.1.00782.chen/B6_uid___A001_X87d_Xc22_N159S-1_CO21/7M_Xc26/uid___A002_Xbb7114_X3a76_line.ms/","2016.1.00782.chen/B6_uid___A001_X87d_Xc22_N159S-1_CO21/7M_Xc26/uid___A002_Xbb7114_X9c67_line.ms/","2016.1.00782.chen/B6_uid___A001_X87d_Xc22_N159S-1_CO21/7M_Xc26/uid___A002_Xbb7114_Xa9f9_line.ms/","2016.1.00782.chen/B6_uid___A001_X87d_Xc22_N159S-1_CO21/7M_Xc26/uid___A002_Xbb7114_Xb2e8_line.ms/"]	['37','37','30','30','30','30','30','30','30','30','30','30','30','30']	0.05	0.4	0.16	x				
N159S	cont1mm	2016.1.00782	N159S	1.5	T	12p7	2	1.5	["2016.1.00782.chen/B6_uid___A001_X87c_X81f_N159S-2_CO21/TM_X821/uid___A002_Xbe9cf2_X220_targets.ms/","2016.1.00782.chen/B6_uid___A001_X87d_Xc22_N159S-1_CO21/TM_Xc24/uid___A002_Xbe9cf2_X50e_targets.ms/","2016.1.00782.chen/B6_uid___A001_X87c_X81f_N159S-2_CO21/7M_X823/uid___A002_Xbb85b6_X219b_targets.ms/","2016.1.00782.chen/B6_uid___A001_X87c_X81f_N159S-2_CO21/7M_X823/uid___A002_Xbb85b6_X737c_targets.ms/","2016.1.00782.chen/B6_uid___A001_X87c_X81f_N159S-2_CO21/7M_X823/uid___A002_Xbb85b6_X8488_targets.ms/","2016.1.00782.chen/B6_uid___A001_X87d_Xc22_N159S-1_CO21/7M_Xc26/uid___A002_Xbb154b_X2244_cont.ms/","2016.1.00782.chen/B6_uid___A001_X87d_Xc22_N159S-1_CO21/7M_Xc26/uid___A002_Xbb54fa_X101a_cont.ms/","2016.1.00782.chen/B6_uid___A001_X87d_Xc22_N159S-1_CO21/7M_Xc26/uid___A002_Xbb5cfb_X1671_cont.ms/","2016.1.00782.chen/B6_uid___A001_X87d_Xc22_N159S-1_CO21/7M_Xc26/uid___A002_Xbb7114_X1e8e_cont.ms/","2016.1.00782.chen/B6_uid___A001_X87d_Xc22_N159S-1_CO21/7M_Xc26/uid___A002_Xbb7114_X2dd7_cont.ms/","2016.1.00782.chen/B6_uid___A001_X87d_Xc22_N159S-1_CO21/7M_Xc26/uid___A002_Xbb7114_X3a76_cont.ms/","2016.1.00782.chen/B6_uid___A001_X87d_Xc22_N159S-1_CO21/7M_Xc26/uid___A002_Xbb7114_X9c67_cont.ms/","2016.1.00782.chen/B6_uid___A001_X87d_Xc22_N159S-1_CO21/7M_Xc26/uid___A002_Xbb7114_Xa9f9_cont.ms/","2016.1.00782.chen/B6_uid___A001_X87d_Xc22_N159S-1_CO21/7M_Xc26/uid___A002_Xbb7114_Xb2e8_cont.ms/"]	['19','19','20','20','20','20','20','20','20','20','20','20','20','20']	0.0003	1	0.16	x				
																		
N55	13CO10	2012.1.00335,2013.1.00214	N55 	1	T	12p7	3.8	2.7	["2013.1.00214.onishi/B3_uid___A001_X146_Xce_N55_13CO10/TM_Xd0/uid___A002_X98ed3f_X21cf_targets_line.ms","2013.1.00214.onishi/B3_uid___A001_X146_Xce_N55_13CO10/TM_Xd0/uid___A002_X9a24bb_X1460_targets_line.ms","2012.1.00335.onishi/B3_uid___A002_X75fbd6_X2c_N55_13CO10/7M_X30/uid___A002_X77da97_Xc17_targets_line.ms","2012.1.00335.onishi/B3_uid___A002_X75fbd6_X2c_N55_13CO10/7M_X30/uid___A002_X785e52_Xf3b_targets_line.ms","2012.1.00335.onishi/B3_uid___A002_X75fbd6_X2c_N55_13CO10/7M_X30/uid___A002_X78cd19_X1225_targets_line.ms","2012.1.00335.onishi/B3_uid___A002_X75fbd6_X2c_N55_13CO10/7M_X30/uid___A002_X78cd19_X7c6_targets_line.ms","2012.1.00335.onishi/B3_uid___A002_X75fbd6_X2c_N55_13CO10/7M_X30/uid___A002_X78cd19_Xd25_targets_line.ms","2012.1.00335.onishi/B3_uid___A002_X75fbd6_X2c_N55_13CO10/7M_X30/uid___A002_X8081ba_X4b0a_targets_line.ms","2013.1.00214.onishi/B3_uid___A001_X146_Xce_N55_13CO10/7M_Xd2/uid___A002_X972bd6_Xe14_targets_line.ms","2013.1.00214.onishi/B3_uid___A001_X146_Xce_N55_13CO10/7M_Xd2/uid___A002_X9d4710_X20b3_targets_line.ms","2013.1.00214.onishi/B3_uid___A001_X146_Xce_N55_13CO10/7M_Xd2/uid___A002_X9f54f7_X599_targets_line.ms","2013.1.00214.onishi/B3_uid___A001_X146_Xce_N55_13CO10/7M_Xd2/uid___A002_X9fa4e2_X178_targets_line.ms"]	['17','17','16','16','16','16','16','16','16','16','16','16']	0.01	0.2	0.11	x				
N55	CS21	2012.1.00335,2013.1.00214	N55 	0.5	F	12p7	3.7	2.6	["2013.1.00214.onishi/B3_uid___A001_X146_Xce_N55_13CO10/TM_Xd0/uid___A002_X98ed3f_X21cf_targets_line.ms","2013.1.00214.onishi/B3_uid___A001_X146_Xce_N55_13CO10/TM_Xd0/uid___A002_X9a24bb_X1460_targets_line.ms","2012.1.00335.onishi/B3_uid___A002_X75fbd6_X2c_N55_13CO10/7M_X30/uid___A002_X77da97_Xc17_targets_line.ms","2012.1.00335.onishi/B3_uid___A002_X75fbd6_X2c_N55_13CO10/7M_X30/uid___A002_X785e52_Xf3b_targets_line.ms","2012.1.00335.onishi/B3_uid___A002_X75fbd6_X2c_N55_13CO10/7M_X30/uid___A002_X78cd19_X1225_targets_line.ms","2012.1.00335.onishi/B3_uid___A002_X75fbd6_X2c_N55_13CO10/7M_X30/uid___A002_X78cd19_X7c6_targets_line.ms","2012.1.00335.onishi/B3_uid___A002_X75fbd6_X2c_N55_13CO10/7M_X30/uid___A002_X78cd19_Xd25_targets_line.ms","2012.1.00335.onishi/B3_uid___A002_X75fbd6_X2c_N55_13CO10/7M_X30/uid___A002_X8081ba_X4b0a_targets_line.ms","2013.1.00214.onishi/B3_uid___A001_X146_Xce_N55_13CO10/7M_Xd2/uid___A002_X972bd6_Xe14_targets_line.ms","2013.1.00214.onishi/B3_uid___A001_X146_Xce_N55_13CO10/7M_Xd2/uid___A002_X9d4710_X20b3_targets_line.ms","2013.1.00214.onishi/B3_uid___A001_X146_Xce_N55_13CO10/7M_Xd2/uid___A002_X9f54f7_X599_targets_line.ms","2013.1.00214.onishi/B3_uid___A001_X146_Xce_N55_13CO10/7M_Xd2/uid___A002_X9fa4e2_X178_targets_line.ms"]	['21','21','20','20','20','20','20','20','20','20','20','20']	0.01	0.2	0.13	x				
N55	C18O10	2012.1.00335,2013.1.00214	N55 	1	T	12p7	3.8	2.7	["2013.1.00214.onishi/B3_uid___A001_X146_Xce_N55_13CO10/TM_Xd0/uid___A002_X98ed3f_X21cf_targets_line.ms","2013.1.00214.onishi/B3_uid___A001_X146_Xce_N55_13CO10/TM_Xd0/uid___A002_X9a24bb_X1460_targets_line.ms","2012.1.00335.onishi/B3_uid___A002_X75fbd6_X2c_N55_13CO10/7M_X30/uid___A002_X77da97_Xc17_targets_line.ms","2012.1.00335.onishi/B3_uid___A002_X75fbd6_X2c_N55_13CO10/7M_X30/uid___A002_X785e52_Xf3b_targets_line.ms","2012.1.00335.onishi/B3_uid___A002_X75fbd6_X2c_N55_13CO10/7M_X30/uid___A002_X78cd19_X1225_targets_line.ms","2012.1.00335.onishi/B3_uid___A002_X75fbd6_X2c_N55_13CO10/7M_X30/uid___A002_X78cd19_X7c6_targets_line.ms","2012.1.00335.onishi/B3_uid___A002_X75fbd6_X2c_N55_13CO10/7M_X30/uid___A002_X78cd19_Xd25_targets_line.ms","2012.1.00335.onishi/B3_uid___A002_X75fbd6_X2c_N55_13CO10/7M_X30/uid___A002_X8081ba_X4b0a_targets_line.ms","2013.1.00214.onishi/B3_uid___A001_X146_Xce_N55_13CO10/7M_Xd2/uid___A002_X972bd6_Xe14_targets_line.ms","2013.1.00214.onishi/B3_uid___A001_X146_Xce_N55_13CO10/7M_Xd2/uid___A002_X9d4710_X20b3_targets_line.ms","2013.1.00214.onishi/B3_uid___A001_X146_Xce_N55_13CO10/7M_Xd2/uid___A002_X9f54f7_X599_targets_line.ms","2013.1.00214.onishi/B3_uid___A001_X146_Xce_N55_13CO10/7M_Xd2/uid___A002_X9fa4e2_X178_targets_line.ms"]	['19','19','18','18','18','18','18','18','18','18','18','18']	0.01	0.2	0.12	x				
N55	H40a	2012.1.00335,2013.1.00214	N55 	0.7	T	12p7	3.8	2.7	["2013.1.00214.onishi/B3_uid___A001_X146_Xce_N55_13CO10/TM_Xd0/uid___A002_X98ed3f_X21cf_targets_line.ms","2013.1.00214.onishi/B3_uid___A001_X146_Xce_N55_13CO10/TM_Xd0/uid___A002_X9a24bb_X1460_targets_line.ms","2012.1.00335.onishi/B3_uid___A002_X75fbd6_X2c_N55_13CO10/7M_X30/uid___A002_X77da97_Xc17_targets_line.ms","2012.1.00335.onishi/B3_uid___A002_X75fbd6_X2c_N55_13CO10/7M_X30/uid___A002_X785e52_Xf3b_targets_line.ms","2012.1.00335.onishi/B3_uid___A002_X75fbd6_X2c_N55_13CO10/7M_X30/uid___A002_X78cd19_X1225_targets_line.ms","2012.1.00335.onishi/B3_uid___A002_X75fbd6_X2c_N55_13CO10/7M_X30/uid___A002_X78cd19_X7c6_targets_line.ms","2012.1.00335.onishi/B3_uid___A002_X75fbd6_X2c_N55_13CO10/7M_X30/uid___A002_X78cd19_Xd25_targets_line.ms","2012.1.00335.onishi/B3_uid___A002_X75fbd6_X2c_N55_13CO10/7M_X30/uid___A002_X8081ba_X4b0a_targets_line.ms","2013.1.00214.onishi/B3_uid___A001_X146_Xce_N55_13CO10/7M_Xd2/uid___A002_X972bd6_Xe14_targets_line.ms","2013.1.00214.onishi/B3_uid___A001_X146_Xce_N55_13CO10/7M_Xd2/uid___A002_X9d4710_X20b3_targets_line.ms","2013.1.00214.onishi/B3_uid___A001_X146_Xce_N55_13CO10/7M_Xd2/uid___A002_X9f54f7_X599_targets_line.ms","2013.1.00214.onishi/B3_uid___A001_X146_Xce_N55_13CO10/7M_Xd2/uid___A002_X9fa4e2_X178_targets_line.ms"]	['23','23','22','22','22','22','22','22','22','22','22','22']	0.01	3	3	x				
N55	SO3221	2012.1.00335,2013.1.00214	N55 	0.7	T	12p7	3.9	2.7	["2013.1.00214.onishi/B3_uid___A001_X146_Xce_N55_13CO10/TM_Xd0/uid___A002_X98ed3f_X21cf_targets_line.ms","2013.1.00214.onishi/B3_uid___A001_X146_Xce_N55_13CO10/TM_Xd0/uid___A002_X9a24bb_X1460_targets_line.ms","2012.1.00335.onishi/B3_uid___A002_X75fbd6_X2c_N55_13CO10/7M_X30/uid___A002_X77da97_Xc17_targets_line.ms","2012.1.00335.onishi/B3_uid___A002_X75fbd6_X2c_N55_13CO10/7M_X30/uid___A002_X785e52_Xf3b_targets_line.ms","2012.1.00335.onishi/B3_uid___A002_X75fbd6_X2c_N55_13CO10/7M_X30/uid___A002_X78cd19_X1225_targets_line.ms","2012.1.00335.onishi/B3_uid___A002_X75fbd6_X2c_N55_13CO10/7M_X30/uid___A002_X78cd19_X7c6_targets_line.ms","2012.1.00335.onishi/B3_uid___A002_X75fbd6_X2c_N55_13CO10/7M_X30/uid___A002_X78cd19_Xd25_targets_line.ms","2012.1.00335.onishi/B3_uid___A002_X75fbd6_X2c_N55_13CO10/7M_X30/uid___A002_X8081ba_X4b0a_targets_line.ms","2013.1.00214.onishi/B3_uid___A001_X146_Xce_N55_13CO10/7M_Xd2/uid___A002_X972bd6_Xe14_targets_line.ms","2013.1.00214.onishi/B3_uid___A001_X146_Xce_N55_13CO10/7M_Xd2/uid___A002_X9d4710_X20b3_targets_line.ms","2013.1.00214.onishi/B3_uid___A001_X146_Xce_N55_13CO10/7M_Xd2/uid___A002_X9f54f7_X599_targets_line.ms","2013.1.00214.onishi/B3_uid___A001_X146_Xce_N55_13CO10/7M_Xd2/uid___A002_X9fa4e2_X178_targets_line.ms"]	['23','23','22','22','22','22','22','22','22','22','22','22']	0.01	3	3	x				
N55	cont3mm	2012.1.00335,2013.1.00214	N55 	0.7	T	12p7	3.7	2.5	["2013.1.00214.onishi/B3_uid___A001_X146_Xce_N55_13CO10/TM_Xd0/uid___A002_X98ed3f_X21cf_targets.ms","2013.1.00214.onishi/B3_uid___A001_X146_Xce_N55_13CO10/TM_Xd0/uid___A002_X9a24bb_X1460_targets.ms","2012.1.00335.onishi/B3_uid___A002_X75fbd6_X2c_N55_13CO10/7M_X30/uid___A002_X77da97_Xc17_targets.ms","2012.1.00335.onishi/B3_uid___A002_X75fbd6_X2c_N55_13CO10/7M_X30/uid___A002_X785e52_Xf3b_targets.ms","2012.1.00335.onishi/B3_uid___A002_X75fbd6_X2c_N55_13CO10/7M_X30/uid___A002_X78cd19_X1225_targets.ms","2012.1.00335.onishi/B3_uid___A002_X75fbd6_X2c_N55_13CO10/7M_X30/uid___A002_X78cd19_X7c6_targets.ms","2012.1.00335.onishi/B3_uid___A002_X75fbd6_X2c_N55_13CO10/7M_X30/uid___A002_X78cd19_Xd25_targets.ms","2012.1.00335.onishi/B3_uid___A002_X75fbd6_X2c_N55_13CO10/7M_X30/uid___A002_X8081ba_X4b0a_targets.ms","2013.1.00214.onishi/B3_uid___A001_X146_Xce_N55_13CO10/7M_Xd2/uid___A002_X972bd6_Xe14_targets.ms","2013.1.00214.onishi/B3_uid___A001_X146_Xce_N55_13CO10/7M_Xd2/uid___A002_X9d4710_X20b3_targets.ms","2013.1.00214.onishi/B3_uid___A001_X146_Xce_N55_13CO10/7M_Xd2/uid___A002_X9f54f7_X599_targets.ms","2013.1.00214.onishi/B3_uid___A001_X146_Xce_N55_13CO10/7M_Xd2/uid___A002_X9fa4e2_X178_targets.ms"]	["23:98GHz~98.8GHz;99.3GHz~100GHz","23:98GHz~98.8GHz;99.3GHz~100GHz","22:98GHz~98.8GHz;99.3GHz~100GHz","22:98GHz~98.8GHz;99.3GHz~100GHz","22:98GHz~98.8GHz;99.3GHz~100GHz","22:98GHz~98.8GHz;99.3GHz~100GHz","22:98GHz~98.8GHz;99.3GHz~100GHz","22:98GHz~98.8GHz;99.3GHz~100GHz","22:98GHz~98.8GHz;99.3GHz~100GHz","22:98GHz~98.8GHz;99.3GHz~100GHz","22:98GHz~98.8GHz;99.3GHz~100GHz","22:98GHz~98.8GHz;99.3GHz~100GHz"]	2.50E-04	3	3	x				
N55	12CO10	2013.1.00214	N55 	0.7	T	12	3.6	2.2	['2013.1.00214.onishi/B3_uid___A001_X145_X43b_N55_12CO10/TM_X43d/uid___A002_X98ed3f_X1cf5_targets_line.ms']	['17']	0.03	0.2	0.2	x				
N55P	13CO10	2013.1.00993	N55-PDR	1.5	T	12	3.8	2.3	['2013.1.00993.neelamkodan/B3_uid___A002_X996c88_X35_N55_13CO10/TM_X36/uid___A002_X9a9a13_X881_targets_line.ms']	['17']	0.01	0.2	0.17	x				
N55P	CS21	2013.1.00993	PDR-N55	1.5	T	12	3.7	2.9	['2013.1.00993.neelamkodan/B3_uid___A002_X996c88_X31_N55_HCOp/TM_X32/uid___A002_X9a0b6f_X968_targets.ms','2013.1.00993.neelamkodan/B3_uid___A002_X996c88_X31_N55_HCOp/TM_X32/uid___A002_X9a0b6f_X10cc_targets.ms','2013.1.00993.neelamkodan/B3_uid___A002_X996c88_X31_N55_HCOp/TM_X32/uid___A002_X9a03fb_Xae8_targets.ms']	['23','23','23']	0.01	0.2	0.19	x				
N55P	HCOp10	2013.1.00993	PDR-N55	0.5	T	12	3.5	2.8	['2013.1.00993.neelamkodan/B3_uid___A002_X996c88_X31_N55_HCOp/TM_X32/uid___A002_X9a0b6f_X968_targets.ms','2013.1.00993.neelamkodan/B3_uid___A002_X996c88_X31_N55_HCOp/TM_X32/uid___A002_X9a0b6f_X10cc_targets.ms','2013.1.00993.neelamkodan/B3_uid___A002_X996c88_X31_N55_HCOp/TM_X32/uid___A002_X9a03fb_Xae8_targets.ms']	['21','21','21']	0.03	0.4	0.21	x				
N55P	HCN10	2013.1.00993	PDR-N55	0.5	T	12	3.6	2.8	['2013.1.00993.neelamkodan/B3_uid___A002_X996c88_X31_N55_HCOp/TM_X32/uid___A002_X9a0b6f_X968_targets.ms','2013.1.00993.neelamkodan/B3_uid___A002_X996c88_X31_N55_HCOp/TM_X32/uid___A002_X9a0b6f_X10cc_targets.ms','2013.1.00993.neelamkodan/B3_uid___A002_X996c88_X31_N55_HCOp/TM_X32/uid___A002_X9a03fb_Xae8_targets.ms']	['19','19','19']	0.03	0.4	0.21	x				
N55P	CCH10	2013.1.00993	PDR-N55	0.5	T	12	3.6	2.9	['2013.1.00993.neelamkodan/B3_uid___A002_X996c88_X31_N55_HCOp/TM_X32/uid___A002_X9a0b6f_X968_targets.ms','2013.1.00993.neelamkodan/B3_uid___A002_X996c88_X31_N55_HCOp/TM_X32/uid___A002_X9a0b6f_X10cc_targets.ms','2013.1.00993.neelamkodan/B3_uid___A002_X996c88_X31_N55_HCOp/TM_X32/uid___A002_X9a03fb_Xae8_targets.ms']	['17','17','17']	0.02	0.4	0.21	x				
N55P	C18O21	2013.1.00993	N55-PDR	1.5	T	12	2.1	1.1	['2013.1.00993.neelamkodan/B6_uid___A002_X996c88_X39_N55_CO21/TM_X3a/uid___A002_X9d9aa5_Xe7c_targets_line.ms/']	['21']	0.02	0.4	0.32	x				
N55P	13CO21	2013.1.00993	N55-PDR	1.5	T	12	2.1	1.1	['2013.1.00993.neelamkodan/B6_uid___A002_X996c88_X39_N55_CO21/TM_X3a/uid___A002_X9d9aa5_Xe7c_targets_line.ms/']	['23']	0.02	0.4	0.32	x				
N55P	12CO21	2013.1.00993	N55-PDR	1.5	T	12	2	1.1	['2013.1.00993.neelamkodan/B6_uid___A002_X996c88_X39_N55_CO21/TM_X3a/uid___A002_X9d9aa5_Xe7c_targets_line.ms/']	['17']	0.05	0.4	0.32	x			Check weather Data -> seems to be ok ->>>	
N55P	cont1mm	2013.1.00993	N55-PDR	1.5	T	12	2	1.1	['2013.1.00993.neelamkodan/B6_uid___A002_X996c88_X39_N55_CO21/TM_X3a/uid___A002_X9d9aa5_Xe7c_targets.ms/']	["19:231.8GHz~233.5GHz"]	5.00E-04	0.4	0.32	x				
																		
N206	13CO10	2012.1.00603	N206	1.5	T	12p7	3	2.5	['2012.1.00603.kawamura/B3_uid___A002_X6f9b0f_Xe5_N206_13CO10/TM_Xe6/uid___A002_X75f169_X4d9_targets_line.ms','2012.1.00603.kawamura/B3_uid___A002_X6f9b0f_Xe5_N206_13CO10/TM_Xe6/uid___A002_X960614_X5c9_targets_line.ms','2012.1.00603.kawamura/B3_uid___A002_X6f9b0f_Xe5_N206_13CO10/7M_Xe8/uid___A002_X75f169_X97b_targets_line.ms','2012.1.00603.kawamura/B3_uid___A002_X6f9b0f_Xe5_N206_13CO10/7M_Xe8/uid___A002_X75f169_Xbf6_targets_line.ms','2012.1.00603.kawamura/B3_uid___A002_X6f9b0f_Xe5_N206_13CO10/7M_Xe8/uid___A002_X75f169_Xe48_targets_line.ms','2012.1.00603.kawamura/B3_uid___A002_X6f9b0f_Xe5_N206_13CO10/7M_Xe8/uid___A002_X9aca45_X3c3_targets_line.ms','2012.1.00603.kawamura/B3_uid___A002_X6f9b0f_Xe5_N206_13CO10/7M_Xe8/uid___A002_X9aca45_X697_targets_line.ms','2012.1.00603.kawamura/B3_uid___A002_X6f9b0f_Xe5_N206_13CO10/7M_Xe8/uid___A002_X9aca45_Xba_targets_line.ms']	['17','17','16','16','16','16','16','16']	0.02	0.2	0.08	"2012.1.00603.kawamura/B3_uid___A002_X6f9b0f_Xe5_N206_13CO10/TP_Xd8/N206_B3_TP.spw17.hann.canon"				
N206	CS21	2012.1.00603	N206	1.5	T	12p7	3.4	2.8	['2012.1.00603.kawamura/B3_uid___A002_X6f9b0f_Xe5_N206_13CO10/TM_Xe6/uid___A002_X75f169_X4d9_targets_line.ms','2012.1.00603.kawamura/B3_uid___A002_X6f9b0f_Xe5_N206_13CO10/TM_Xe6/uid___A002_X960614_X5c9_targets_line.ms','2012.1.00603.kawamura/B3_uid___A002_X6f9b0f_Xe5_N206_13CO10/7M_Xe8/uid___A002_X75f169_X97b_targets_line.ms','2012.1.00603.kawamura/B3_uid___A002_X6f9b0f_Xe5_N206_13CO10/7M_Xe8/uid___A002_X75f169_Xbf6_targets_line.ms','2012.1.00603.kawamura/B3_uid___A002_X6f9b0f_Xe5_N206_13CO10/7M_Xe8/uid___A002_X75f169_Xe48_targets_line.ms','2012.1.00603.kawamura/B3_uid___A002_X6f9b0f_Xe5_N206_13CO10/7M_Xe8/uid___A002_X9aca45_X3c3_targets_line.ms','2012.1.00603.kawamura/B3_uid___A002_X6f9b0f_Xe5_N206_13CO10/7M_Xe8/uid___A002_X9aca45_X697_targets_line.ms','2012.1.00603.kawamura/B3_uid___A002_X6f9b0f_Xe5_N206_13CO10/7M_Xe8/uid___A002_X9aca45_Xba_targets_line.ms']	['21','21','20','20','20','20','20','20']	0.02	0.2	0.08	"2012.1.00603.kawamura/B3_uid___A002_X6f9b0f_Xe5_N206_13CO10/TP_Xd8/N206_B3_TP.spw21.hann.canon"				
N206	C18O10	2012.1.00603	N206	1.5	T	12p7	3	2.5	['2012.1.00603.kawamura/B3_uid___A002_X6f9b0f_Xe5_N206_13CO10/TM_Xe6/uid___A002_X75f169_X4d9_targets_line.ms','2012.1.00603.kawamura/B3_uid___A002_X6f9b0f_Xe5_N206_13CO10/TM_Xe6/uid___A002_X960614_X5c9_targets_line.ms','2012.1.00603.kawamura/B3_uid___A002_X6f9b0f_Xe5_N206_13CO10/7M_Xe8/uid___A002_X75f169_X97b_targets_line.ms','2012.1.00603.kawamura/B3_uid___A002_X6f9b0f_Xe5_N206_13CO10/7M_Xe8/uid___A002_X75f169_Xbf6_targets_line.ms','2012.1.00603.kawamura/B3_uid___A002_X6f9b0f_Xe5_N206_13CO10/7M_Xe8/uid___A002_X75f169_Xe48_targets_line.ms','2012.1.00603.kawamura/B3_uid___A002_X6f9b0f_Xe5_N206_13CO10/7M_Xe8/uid___A002_X9aca45_X3c3_targets_line.ms','2012.1.00603.kawamura/B3_uid___A002_X6f9b0f_Xe5_N206_13CO10/7M_Xe8/uid___A002_X9aca45_X697_targets_line.ms','2012.1.00603.kawamura/B3_uid___A002_X6f9b0f_Xe5_N206_13CO10/7M_Xe8/uid___A002_X9aca45_Xba_targets_line.ms']	['19','19','18','18','18','18','18','18']	0.05	0.2	0.08	"2012.1.00603.kawamura/B3_uid___A002_X6f9b0f_Xe5_N206_13CO10/TP_Xd8/N206_B3_TP.spw19.hann.canon"			RI doesn't see problem: is this the right image?  Don't clean on edge of image	
N206	H40a	2012.1.00603	N206	1.5	T	12p7	3	2.5	['2012.1.00603.kawamura/B3_uid___A002_X6f9b0f_Xe5_N206_13CO10/TM_Xe6/uid___A002_X75f169_X4d9_targets_line.ms','2012.1.00603.kawamura/B3_uid___A002_X6f9b0f_Xe5_N206_13CO10/TM_Xe6/uid___A002_X960614_X5c9_targets_line.ms','2012.1.00603.kawamura/B3_uid___A002_X6f9b0f_Xe5_N206_13CO10/7M_Xe8/uid___A002_X75f169_X97b_targets_line.ms','2012.1.00603.kawamura/B3_uid___A002_X6f9b0f_Xe5_N206_13CO10/7M_Xe8/uid___A002_X75f169_Xbf6_targets_line.ms','2012.1.00603.kawamura/B3_uid___A002_X6f9b0f_Xe5_N206_13CO10/7M_Xe8/uid___A002_X75f169_Xe48_targets_line.ms','2012.1.00603.kawamura/B3_uid___A002_X6f9b0f_Xe5_N206_13CO10/7M_Xe8/uid___A002_X9aca45_X3c3_targets_line.ms','2012.1.00603.kawamura/B3_uid___A002_X6f9b0f_Xe5_N206_13CO10/7M_Xe8/uid___A002_X9aca45_X697_targets_line.ms','2012.1.00603.kawamura/B3_uid___A002_X6f9b0f_Xe5_N206_13CO10/7M_Xe8/uid___A002_X9aca45_Xba_targets_line.ms']	['23','23','22','22','22','22','22','22']	0.05	1.5	1.48	"2012.1.00603.kawamura/B3_uid___A002_X6f9b0f_Xe5_N206_13CO10/TP_Xd8/N206_B3_TP.spw23.canon"				
N206	SO3221	2012.1.00603	N206	1.5	T	12p7	3.4	2.8	['2012.1.00603.kawamura/B3_uid___A002_X6f9b0f_Xe5_N206_13CO10/TM_Xe6/uid___A002_X75f169_X4d9_targets_line.ms','2012.1.00603.kawamura/B3_uid___A002_X6f9b0f_Xe5_N206_13CO10/TM_Xe6/uid___A002_X960614_X5c9_targets_line.ms','2012.1.00603.kawamura/B3_uid___A002_X6f9b0f_Xe5_N206_13CO10/7M_Xe8/uid___A002_X75f169_X97b_targets_line.ms','2012.1.00603.kawamura/B3_uid___A002_X6f9b0f_Xe5_N206_13CO10/7M_Xe8/uid___A002_X75f169_Xbf6_targets_line.ms','2012.1.00603.kawamura/B3_uid___A002_X6f9b0f_Xe5_N206_13CO10/7M_Xe8/uid___A002_X75f169_Xe48_targets_line.ms','2012.1.00603.kawamura/B3_uid___A002_X6f9b0f_Xe5_N206_13CO10/7M_Xe8/uid___A002_X9aca45_X3c3_targets_line.ms','2012.1.00603.kawamura/B3_uid___A002_X6f9b0f_Xe5_N206_13CO10/7M_Xe8/uid___A002_X9aca45_X697_targets_line.ms','2012.1.00603.kawamura/B3_uid___A002_X6f9b0f_Xe5_N206_13CO10/7M_Xe8/uid___A002_X9aca45_Xba_targets_line.ms']	['23','23','22','22','22','22','22','22']	0.005	1.5	1.48	"2012.1.00603.kawamura/B3_uid___A002_X6f9b0f_Xe5_N206_13CO10/TP_Xd8/N206_B3_TP.spw23.canon"				
N206	cont3mm	2012.1.00603	N206	1.5	T	12p7	3.4	2.7	['2012.1.00603.kawamura/B3_uid___A002_X6f9b0f_Xe5_N206_13CO10/TM_Xe6/uid___A002_X75f169_X4d9_targets.ms','2012.1.00603.kawamura/B3_uid___A002_X6f9b0f_Xe5_N206_13CO10/TM_Xe6/uid___A002_X960614_X5c9_targets.ms','2012.1.00603.kawamura/B3_uid___A002_X6f9b0f_Xe5_N206_13CO10/7M_Xe8/uid___A002_X75f169_X97b_targets.ms','2012.1.00603.kawamura/B3_uid___A002_X6f9b0f_Xe5_N206_13CO10/7M_Xe8/uid___A002_X75f169_Xbf6_targets.ms','2012.1.00603.kawamura/B3_uid___A002_X6f9b0f_Xe5_N206_13CO10/7M_Xe8/uid___A002_X75f169_Xe48_targets.ms','2012.1.00603.kawamura/B3_uid___A002_X6f9b0f_Xe5_N206_13CO10/7M_Xe8/uid___A002_X9aca45_X3c3_targets.ms','2012.1.00603.kawamura/B3_uid___A002_X6f9b0f_Xe5_N206_13CO10/7M_Xe8/uid___A002_X9aca45_X697_targets.ms','2012.1.00603.kawamura/B3_uid___A002_X6f9b0f_Xe5_N206_13CO10/7M_Xe8/uid___A002_X9aca45_Xba_targets.ms']	["23:98GHz~98.8GHz;99.3GHz~100GHz","23:98GHz~98.8GHz;99.3GHz~100GHz","22:98GHz~98.8GHz;99.3GHz~100GHz","22:98GHz~98.8GHz;99.3GHz~100GHz","22:98GHz~98.8GHz;99.3GHz~100GHz","22:98GHz~98.8GHz;99.3GHz~100GHz","22:98GHz~98.8GHz;99.3GHz~100GHz","22:98GHz~98.8GHz;99.3GHz~100GHz"]	1.00E-04	1.5	1.48	x			Needs a deeper clean	good example of outlier antennas in MS - flaging them
N206	12CO21	2012.1.00603	N206	2	T	12p7	1.5	1.4	['2016.1.00203.kawamura/B6_uid___A001_X87c_X8c7_N206_CO21/TM_X8c9/uid___A002_Xbf894a_X5df7_targets_line.ms','2016.1.00203.kawamura/B6_uid___A001_X87c_X8c7_N206_CO21/7M_X8cb/uid___A002_Xbb0685_X18ef_targets_line.ms','2016.1.00203.kawamura/B6_uid___A001_X87c_X8c7_N206_CO21/7M_X8cb/uid___A002_Xbb30f0_X842f_targets_line.ms']	['25','16','16']	nsigma=2	0.2	0.08	"2016.1.00203.kawamura/B6_uid___A001_X87c_X8c7_N206_CO21/TP_X8cf/member.uid___A001_X87c_X8cf.N206.spw17.I.sd.im.hann.canon"			edge ~226km/s	
N206	13CO21	2012.1.00603	N206	2	T	12p7	1.5	1	['2016.1.00203.kawamura/B6_uid___A001_X87c_X8c7_N206_CO21/TM_X8c9/uid___A002_Xbf894a_X5df7_targets_line.ms','2016.1.00203.kawamura/B6_uid___A001_X87c_X8c7_N206_CO21/7M_X8cb/uid___A002_Xbb0685_X18ef_targets_line.ms','2016.1.00203.kawamura/B6_uid___A001_X87c_X8c7_N206_CO21/7M_X8cb/uid___A002_Xbb30f0_X842f_targets_line.ms']	['31','22','22']	0.04	0.2	0.08	"2016.1.00203.kawamura/B6_uid___A001_X87c_X8c7_N206_CO21/TP_X8cf/member.uid___A001_X87c_X8cf.N206.spw23.I.sd.im.canon"			Needs deeper clean/not running on edge of image	
N206	C18O21	2012.1.00603	N206	2	T	12p7	1.5	1	['2016.1.00203.kawamura/B6_uid___A001_X87c_X8c7_N206_CO21/TM_X8c9/uid___A002_Xbf894a_X5df7_targets_line.ms','2016.1.00203.kawamura/B6_uid___A001_X87c_X8c7_N206_CO21/7M_X8cb/uid___A002_Xbb0685_X18ef_targets_line.ms','2016.1.00203.kawamura/B6_uid___A001_X87c_X8c7_N206_CO21/7M_X8cb/uid___A002_Xbb30f0_X842f_targets_line.ms']	['29','20','20']	0.04	0.2	0.08	"2016.1.00203.kawamura/B6_uid___A001_X87c_X8c7_N206_CO21/TP_X8cf/member.uid___A001_X87c_X8cf.N206.spw21.I.sd.im.canon"				
N206	H30a	2012.1.00603	N206	2	T	12p7	1.5	1.3	['2016.1.00203.kawamura/B6_uid___A001_X87c_X8c7_N206_CO21/TM_X8c9/uid___A002_Xbf894a_X5df7_targets_line.ms','2016.1.00203.kawamura/B6_uid___A001_X87c_X8c7_N206_CO21/7M_X8cb/uid___A002_Xbb0685_X18ef_targets_line.ms','2016.1.00203.kawamura/B6_uid___A001_X87c_X8c7_N206_CO21/7M_X8cb/uid___A002_Xbb30f0_X842f_targets_line.ms']	['27','18','18']	0.04	2.6	2.5	"2016.1.00203.kawamura/B6_uid___A001_X87c_X8c7_N206_CO21/TP_X8cf/member.uid___A001_X87c_X8cf.N206.spw19.I.sd.im.canon"				
N206	cont1mm	2012.1.00603	N206	2	T	12p7	1.5	1.4	['2016.1.00203.kawamura/B6_uid___A001_X87c_X8c7_N206_CO21/TM_X8c9/uid___A002_Xbf894a_X5df7_targets.ms','2016.1.00203.kawamura/B6_uid___A001_X87c_X8c7_N206_CO21/7M_X8cb/uid___A002_Xbb0685_X18ef_targets.ms','2016.1.00203.kawamura/B6_uid___A001_X87c_X8c7_N206_CO21/7M_X8cb/uid___A002_Xbb30f0_X842f_targets.ms']	["27:230.8GHz~231.2GHz;231.4GHz~231.6GHz;231.8GHz~232.8GHz,33:216GHz~216.8GHz;217GHz~217.9GHz","18:230.8GHz~231.2GHz;231.4GHz~231.6GHz;231.8GHz~232.8GHz,24:216GHz~216.8GHz;217GHz~217.9GHz","18:230.8GHz~231.2GHz;231.4GHz~231.6GHz;231.8GHz~232.8GHz,24:216GHz~216.8GHz;217GHz~217.9GHz"]	3.00E-04	2.6	2.5	x				
N206D	13CO10	2012.1.00603	N206D	1.5	T	12p7	3	2.5	['2012.1.00603.kawamura/B3_uid___A002_X6f9b0f_Xef_N206D_13CO10/TM_Xf0/uid___A002_X75f169_X6fc_targets_line.ms/','2012.1.00603.kawamura/B3_uid___A002_X6f9b0f_Xef_N206D_13CO10/TM_Xf0/uid___A002_X960614_X6ae_targets_line.ms/','2012.1.00603.kawamura/B3_uid___A002_X6f9b0f_Xef_N206D_13CO10/7M_Xf2/uid___A002_X75f169_X1106_targets_line.ms/','2012.1.00603.kawamura/B3_uid___A002_X6f9b0f_Xef_N206D_13CO10/7M_Xf2/uid___A002_X7776f1_X11ae_targets_line.ms/','2012.1.00603.kawamura/B3_uid___A002_X6f9b0f_Xef_N206D_13CO10/7M_Xf2/uid___A002_X779b0a_X70b_targets_line.ms/','2012.1.00603.kawamura/B3_uid___A002_X6f9b0f_Xef_N206D_13CO10/7M_Xf2/uid___A002_X877956_X18f9_targets_line.ms/','2012.1.00603.kawamura/B3_uid___A002_X6f9b0f_Xef_N206D_13CO10/7M_Xf2/uid___A002_X9a9a13_X4d0_targets_line.ms/','2012.1.00603.kawamura/B3_uid___A002_X6f9b0f_Xef_N206D_13CO10/7M_Xf2/uid___A002_X9a9a13_X5e4_targets_line.ms/','2012.1.00603.kawamura/B3_uid___A002_X6f9b0f_Xef_N206D_13CO10/7M_Xf2/uid___A002_X9f15bd_X34d3_targets_line.ms/','2012.1.00603.kawamura/B3_uid___A002_X6f9b0f_Xef_N206D_13CO10/7M_Xf2/uid___A002_X9f71ec_X2ab_targets_line.ms/']	['17','17','16','16','16','16','16','16','16','16']	0.03	0.2	0.08	"2012.1.00603.kawamura/B3_uid___A002_X6f9b0f_Xef_N206D_13CO10/TP_Xdc/member.uid___A001_X148_Xdc.concat.spw17.hann.canon"				
N206D	CS21	2012.1.00603	N206D	1.5	T	12p7	3.3	2.7	['2012.1.00603.kawamura/B3_uid___A002_X6f9b0f_Xef_N206D_13CO10/TM_Xf0/uid___A002_X75f169_X6fc_targets_line.ms/','2012.1.00603.kawamura/B3_uid___A002_X6f9b0f_Xef_N206D_13CO10/TM_Xf0/uid___A002_X960614_X6ae_targets_line.ms/','2012.1.00603.kawamura/B3_uid___A002_X6f9b0f_Xef_N206D_13CO10/7M_Xf2/uid___A002_X75f169_X1106_targets_line.ms/','2012.1.00603.kawamura/B3_uid___A002_X6f9b0f_Xef_N206D_13CO10/7M_Xf2/uid___A002_X7776f1_X11ae_targets_line.ms/','2012.1.00603.kawamura/B3_uid___A002_X6f9b0f_Xef_N206D_13CO10/7M_Xf2/uid___A002_X779b0a_X70b_targets_line.ms/','2012.1.00603.kawamura/B3_uid___A002_X6f9b0f_Xef_N206D_13CO10/7M_Xf2/uid___A002_X877956_X18f9_targets_line.ms/','2012.1.00603.kawamura/B3_uid___A002_X6f9b0f_Xef_N206D_13CO10/7M_Xf2/uid___A002_X9a9a13_X4d0_targets_line.ms/','2012.1.00603.kawamura/B3_uid___A002_X6f9b0f_Xef_N206D_13CO10/7M_Xf2/uid___A002_X9a9a13_X5e4_targets_line.ms/','2012.1.00603.kawamura/B3_uid___A002_X6f9b0f_Xef_N206D_13CO10/7M_Xf2/uid___A002_X9f15bd_X34d3_targets_line.ms/','2012.1.00603.kawamura/B3_uid___A002_X6f9b0f_Xef_N206D_13CO10/7M_Xf2/uid___A002_X9f71ec_X2ab_targets_line.ms/']	['21','21','20','20','20','20','20','20','20','20']	0.03	0.2	0.08	"2012.1.00603.kawamura/B3_uid___A002_X6f9b0f_Xef_N206D_13CO10/TP_Xdc/member.uid___A001_X148_Xdc.concat.spw21.hann.canon"				
N206D	C18O10	2012.1.00603	N206D	1.5	T	12p7	3	2.5	['2012.1.00603.kawamura/B3_uid___A002_X6f9b0f_Xef_N206D_13CO10/TM_Xf0/uid___A002_X75f169_X6fc_targets_line.ms/','2012.1.00603.kawamura/B3_uid___A002_X6f9b0f_Xef_N206D_13CO10/TM_Xf0/uid___A002_X960614_X6ae_targets_line.ms/','2012.1.00603.kawamura/B3_uid___A002_X6f9b0f_Xef_N206D_13CO10/7M_Xf2/uid___A002_X75f169_X1106_targets_line.ms/','2012.1.00603.kawamura/B3_uid___A002_X6f9b0f_Xef_N206D_13CO10/7M_Xf2/uid___A002_X7776f1_X11ae_targets_line.ms/','2012.1.00603.kawamura/B3_uid___A002_X6f9b0f_Xef_N206D_13CO10/7M_Xf2/uid___A002_X779b0a_X70b_targets_line.ms/','2012.1.00603.kawamura/B3_uid___A002_X6f9b0f_Xef_N206D_13CO10/7M_Xf2/uid___A002_X877956_X18f9_targets_line.ms/','2012.1.00603.kawamura/B3_uid___A002_X6f9b0f_Xef_N206D_13CO10/7M_Xf2/uid___A002_X9a9a13_X4d0_targets_line.ms/','2012.1.00603.kawamura/B3_uid___A002_X6f9b0f_Xef_N206D_13CO10/7M_Xf2/uid___A002_X9a9a13_X5e4_targets_line.ms/','2012.1.00603.kawamura/B3_uid___A002_X6f9b0f_Xef_N206D_13CO10/7M_Xf2/uid___A002_X9f15bd_X34d3_targets_line.ms/','2012.1.00603.kawamura/B3_uid___A002_X6f9b0f_Xef_N206D_13CO10/7M_Xf2/uid___A002_X9f71ec_X2ab_targets_line.ms/']	['19','19','18','18','18','18','18','18','18','18']	0.05	0.2	0.08	"2012.1.00603.kawamura/B3_uid___A002_X6f9b0f_Xef_N206D_13CO10/TP_Xdc/member.uid___A001_X148_Xdc.concat.spw19.image.hann.canon"				
N206D	H40a	2012.1.00603	N206D	1.5	T	12p7	3	2.5	['2012.1.00603.kawamura/B3_uid___A002_X6f9b0f_Xef_N206D_13CO10/TM_Xf0/uid___A002_X75f169_X6fc_targets_line.ms/','2012.1.00603.kawamura/B3_uid___A002_X6f9b0f_Xef_N206D_13CO10/TM_Xf0/uid___A002_X960614_X6ae_targets_line.ms/','2012.1.00603.kawamura/B3_uid___A002_X6f9b0f_Xef_N206D_13CO10/7M_Xf2/uid___A002_X75f169_X1106_targets_line.ms/','2012.1.00603.kawamura/B3_uid___A002_X6f9b0f_Xef_N206D_13CO10/7M_Xf2/uid___A002_X7776f1_X11ae_targets_line.ms/','2012.1.00603.kawamura/B3_uid___A002_X6f9b0f_Xef_N206D_13CO10/7M_Xf2/uid___A002_X779b0a_X70b_targets_line.ms/','2012.1.00603.kawamura/B3_uid___A002_X6f9b0f_Xef_N206D_13CO10/7M_Xf2/uid___A002_X877956_X18f9_targets_line.ms/','2012.1.00603.kawamura/B3_uid___A002_X6f9b0f_Xef_N206D_13CO10/7M_Xf2/uid___A002_X9a9a13_X4d0_targets_line.ms/','2012.1.00603.kawamura/B3_uid___A002_X6f9b0f_Xef_N206D_13CO10/7M_Xf2/uid___A002_X9a9a13_X5e4_targets_line.ms/','2012.1.00603.kawamura/B3_uid___A002_X6f9b0f_Xef_N206D_13CO10/7M_Xf2/uid___A002_X9f15bd_X34d3_targets_line.ms/','2012.1.00603.kawamura/B3_uid___A002_X6f9b0f_Xef_N206D_13CO10/7M_Xf2/uid___A002_X9f71ec_X2ab_targets_line.ms/']	['23','23','22','22','22','22','22','22','22','22']	0.05	1.5	1.48	"2012.1.00603.kawamura/B3_uid___A002_X6f9b0f_Xef_N206D_13CO10/TP_Xdc/member.uid___A001_X148_Xdc.concat.spw23.image.canon"				
N206D	SO3221	2012.1.00603	N206D	1.5	T	12p7	3	2.5	['2012.1.00603.kawamura/B3_uid___A002_X6f9b0f_Xef_N206D_13CO10/TM_Xf0/uid___A002_X75f169_X6fc_targets_line.ms/','2012.1.00603.kawamura/B3_uid___A002_X6f9b0f_Xef_N206D_13CO10/TM_Xf0/uid___A002_X960614_X6ae_targets_line.ms/','2012.1.00603.kawamura/B3_uid___A002_X6f9b0f_Xef_N206D_13CO10/7M_Xf2/uid___A002_X75f169_X1106_targets_line.ms/','2012.1.00603.kawamura/B3_uid___A002_X6f9b0f_Xef_N206D_13CO10/7M_Xf2/uid___A002_X7776f1_X11ae_targets_line.ms/','2012.1.00603.kawamura/B3_uid___A002_X6f9b0f_Xef_N206D_13CO10/7M_Xf2/uid___A002_X779b0a_X70b_targets_line.ms/','2012.1.00603.kawamura/B3_uid___A002_X6f9b0f_Xef_N206D_13CO10/7M_Xf2/uid___A002_X877956_X18f9_targets_line.ms/','2012.1.00603.kawamura/B3_uid___A002_X6f9b0f_Xef_N206D_13CO10/7M_Xf2/uid___A002_X9a9a13_X4d0_targets_line.ms/','2012.1.00603.kawamura/B3_uid___A002_X6f9b0f_Xef_N206D_13CO10/7M_Xf2/uid___A002_X9a9a13_X5e4_targets_line.ms/','2012.1.00603.kawamura/B3_uid___A002_X6f9b0f_Xef_N206D_13CO10/7M_Xf2/uid___A002_X9f15bd_X34d3_targets_line.ms/','2012.1.00603.kawamura/B3_uid___A002_X6f9b0f_Xef_N206D_13CO10/7M_Xf2/uid___A002_X9f71ec_X2ab_targets_line.ms/']	['23','23','22','22','22','22','22','22','22','22']	0.01	1.5	1.48	"2012.1.00603.kawamura/B3_uid___A002_X6f9b0f_Xef_N206D_13CO10/TP_Xdc/member.uid___A001_X148_Xdc.concat.spw23.image.canon"			Needs a deeper clean	
N206D	cont3mm	2012.1.00603	N206D	1.5	T	12p7	3	2.5	['2012.1.00603.kawamura/B3_uid___A002_X6f9b0f_Xef_N206D_13CO10/TM_Xf0/uid___A002_X75f169_X6fc_targets.ms/','2012.1.00603.kawamura/B3_uid___A002_X6f9b0f_Xef_N206D_13CO10/TM_Xf0/uid___A002_X960614_X6ae_targets.ms/','2012.1.00603.kawamura/B3_uid___A002_X6f9b0f_Xef_N206D_13CO10/7M_Xf2/uid___A002_X75f169_X1106_targets.ms/','2012.1.00603.kawamura/B3_uid___A002_X6f9b0f_Xef_N206D_13CO10/7M_Xf2/uid___A002_X7776f1_X11ae_targets.ms/','2012.1.00603.kawamura/B3_uid___A002_X6f9b0f_Xef_N206D_13CO10/7M_Xf2/uid___A002_X779b0a_X70b_targets.ms/','2012.1.00603.kawamura/B3_uid___A002_X6f9b0f_Xef_N206D_13CO10/7M_Xf2/uid___A002_X877956_X18f9_targets.ms/','2012.1.00603.kawamura/B3_uid___A002_X6f9b0f_Xef_N206D_13CO10/7M_Xf2/uid___A002_X9a9a13_X4d0_targets.ms/','2012.1.00603.kawamura/B3_uid___A002_X6f9b0f_Xef_N206D_13CO10/7M_Xf2/uid___A002_X9a9a13_X5e4_targets.ms/','2012.1.00603.kawamura/B3_uid___A002_X6f9b0f_Xef_N206D_13CO10/7M_Xf2/uid___A002_X9f15bd_X34d3_targets.ms/','2012.1.00603.kawamura/B3_uid___A002_X6f9b0f_Xef_N206D_13CO10/7M_Xf2/uid___A002_X9f71ec_X2ab_targets.ms/']	["23:98GHz~98.8GHz;99.3GHz~100GHz","23:98GHz~98.8GHz;99.3GHz~100GHz","22:98GHz~98.8GHz;99.3GHz~100GHz","22:98GHz~98.8GHz;99.3GHz~100GHz","22:98GHz~98.8GHz;99.3GHz~100GHz","22:98GHz~98.8GHz;99.3GHz~100GHz","22:98GHz~98.8GHz;99.3GHz~100GHz","22:98GHz~98.8GHz;99.3GHz~100GHz","22:98GHz~98.8GHz;99.3GHz~100GHz","22:98GHz~98.8GHz;99.3GHz~100GHz"]	3.00E-05	1.5	1.48	x			Could use a deeper clean	
N44C	13CO10	2016.1.00380	N44C	1.5	T	12p7	1.6	1.3	['2016.1.00380.nishimura/B3_uid___A001_X87c_Xd0_N44_13CO10/TM1_Xd2/uid___A002_Xbadc30_X15ae_targets_line.ms/','2016.1.00380.nishimura/B3_uid___A001_X87c_Xd0_N44_13CO10/TM2_Xd4/uid___A002_Xbdb592_X277_targets_line.ms/','2016.1.00380.nishimura/B3_uid___A001_X87c_Xd0_N44_13CO10/7M_Xd6/uid___A002_Xb9f161_X33a0_targets_line.ms/','2016.1.00380.nishimura/B3_uid___A001_X87c_Xd0_N44_13CO10/7M_Xd6/uid___A002_Xb9fa0c_X1cc0_targets_line.ms/','2016.1.00380.nishimura/B3_uid___A001_X87c_Xd0_N44_13CO10/7M_Xd6/uid___A002_Xba1cd8_X100f_targets_line.ms/']	['33','33','24','24','24']	0.006	0.4	0.37	x			N44C needs reimaging--Don't clean the edge of the image, Check the weather data,	
N44C	C18O10	2016.1.00380	N44C	1.5	T	12p7	1.6	1.3	['2016.1.00380.nishimura/B3_uid___A001_X87c_Xd0_N44_13CO10/TM1_Xd2/uid___A002_Xbadc30_X15ae_targets_line.ms/','2016.1.00380.nishimura/B3_uid___A001_X87c_Xd0_N44_13CO10/TM2_Xd4/uid___A002_Xbdb592_X277_targets_line.ms/','2016.1.00380.nishimura/B3_uid___A001_X87c_Xd0_N44_13CO10/7M_Xd6/uid___A002_Xb9f161_X33a0_targets_line.ms/','2016.1.00380.nishimura/B3_uid___A001_X87c_Xd0_N44_13CO10/7M_Xd6/uid___A002_Xb9fa0c_X1cc0_targets_line.ms/','2016.1.00380.nishimura/B3_uid___A001_X87c_Xd0_N44_13CO10/7M_Xd6/uid___A002_Xba1cd8_X100f_targets_line.ms/']	['31','31','22','22','22']	0.006	0.4	0.37	x			Check the weather data,	
N44C	CS21	2016.1.00380	N44C	1.5	T	12p7	1.8	1.4	['2016.1.00380.nishimura/B3_uid___A001_X87c_Xd0_N44_13CO10/TM1_Xd2/uid___A002_Xbadc30_X15ae_targets_line.ms/','2016.1.00380.nishimura/B3_uid___A001_X87c_Xd0_N44_13CO10/TM2_Xd4/uid___A002_Xbdb592_X277_targets_line.ms/','2016.1.00380.nishimura/B3_uid___A001_X87c_Xd0_N44_13CO10/7M_Xd6/uid___A002_Xb9f161_X33a0_targets_line.ms/','2016.1.00380.nishimura/B3_uid___A001_X87c_Xd0_N44_13CO10/7M_Xd6/uid___A002_Xb9fa0c_X1cc0_targets_line.ms/','2016.1.00380.nishimura/B3_uid___A001_X87c_Xd0_N44_13CO10/7M_Xd6/uid___A002_Xba1cd8_X100f_targets_line.ms/']	['25','25','16','16','16']	0.003	0.4	0.37	x				
N44C	SO3221	2016.1.00380	N44C	1.5	T	12p7	1.7	1.3	['2016.1.00380.nishimura/B3_uid___A001_X87c_Xd0_N44_13CO10/TM1_Xd2/uid___A002_Xbadc30_X15ae_targets_line.ms/','2016.1.00380.nishimura/B3_uid___A001_X87c_Xd0_N44_13CO10/TM2_Xd4/uid___A002_Xbdb592_X277_targets_line.ms/','2016.1.00380.nishimura/B3_uid___A001_X87c_Xd0_N44_13CO10/7M_Xd6/uid___A002_Xb9f161_X33a0_targets_line.ms/','2016.1.00380.nishimura/B3_uid___A001_X87c_Xd0_N44_13CO10/7M_Xd6/uid___A002_Xb9fa0c_X1cc0_targets_line.ms/','2016.1.00380.nishimura/B3_uid___A001_X87c_Xd0_N44_13CO10/7M_Xd6/uid___A002_Xba1cd8_X100f_targets_line.ms/']	['29','27','20','20','20']	0.005	0.4	0.37	x				
N44C	cont3mm	2016.1.00380	N44C	1.5	T	12p7	1.7	1.3	['2016.1.00380.nishimura/B3_uid___A001_X87c_Xd0_N44_13CO10/TM1_Xd2/uid___A002_Xbadc30_X15ae_targets.ms/','2016.1.00380.nishimura/B3_uid___A001_X87c_Xd0_N44_13CO10/TM2_Xd4/uid___A002_Xbdb592_X277_targets.ms/','2016.1.00380.nishimura/B3_uid___A001_X87c_Xd0_N44_13CO10/7M_Xd6/uid___A002_Xb9f161_X33a0_targets.ms/','2016.1.00380.nishimura/B3_uid___A001_X87c_Xd0_N44_13CO10/7M_Xd6/uid___A002_Xb9fa0c_X1cc0_targets.ms/','2016.1.00380.nishimura/B3_uid___A001_X87c_Xd0_N44_13CO10/7M_Xd6/uid___A002_Xba1cd8_X100f_targets.ms/']	["29:98.95GHz~99.1GHz;99.22GHz~99.45GHz,31,33:109.85GHz~110.08GHz;110.11GHz~110.35GHz","29:98.95GHz~99.1GHz;99.22GHz~99.45GHz,31,33:109.85GHz~110.08GHz;110.11GHz~110.35GHz","20:98.95GHz~99.1GHz;99.22GHz~99.45GHz,22,24:109.85GHz~110.08GHz;110.11GHz~110.35GHz","20:98.95GHz~99.1GHz;99.22GHz~99.45GHz,22,24:109.85GHz~110.08GHz;110.11GHz~110.35GHz","20:98.95GHz~99.1GHz;99.22GHz~99.45GHz,22,24:109.85GHz~110.08GHz;110.11GHz~110.35GHz"]	0.0006	5	0.37	x				
N44C	HCOp10	2016.1.00380	N44C	1.5	T	12p7	1.5	1.2	['2016.1.00380.nishimura/B3_uid___A001_X87c_Xc8_N44_HCOp10/TM1_Xca/uid___A002_Xbadc30_X196e_targets_line.ms/','2016.1.00380.nishimura/B3_uid___A001_X87c_Xc8_N44_HCOp10/TM1_Xca/uid___A002_Xbff114_X2781_targets_line.ms/','2016.1.00380.nishimura/B3_uid___A001_X87c_Xc8_N44_HCOp10/TM2_Xcc/uid___A002_Xbdb592_X2e0_targets_line.ms/','2016.1.00380.nishimura/B3_uid___A001_X87c_Xc8_N44_HCOp10/7M_Xce/uid___A002_Xb9f161_X2682_targets_line.ms/','2016.1.00380.nishimura/B3_uid___A001_X87c_Xc8_N44_HCOp10/7M_Xce/uid___A002_Xb9f161_X2d35_targets_line.ms/']	['29','29','29','20','20']	0.002	0.45	0.42	x			vel wide redo	
N44C	HCN10	2016.1.00380	N44C	1.5	T	12p7	1.5	1.2	['2016.1.00380.nishimura/B3_uid___A001_X87c_Xc8_N44_HCOp10/TM1_Xca/uid___A002_Xbadc30_X196e_targets_line.ms/','2016.1.00380.nishimura/B3_uid___A001_X87c_Xc8_N44_HCOp10/TM1_Xca/uid___A002_Xbff114_X2781_targets_line.ms/','2016.1.00380.nishimura/B3_uid___A001_X87c_Xc8_N44_HCOp10/TM2_Xcc/uid___A002_Xbdb592_X2e0_targets_line.ms/','2016.1.00380.nishimura/B3_uid___A001_X87c_Xc8_N44_HCOp10/7M_Xce/uid___A002_Xb9f161_X2682_targets_line.ms/','2016.1.00380.nishimura/B3_uid___A001_X87c_Xc8_N44_HCOp10/7M_Xce/uid___A002_Xb9f161_X2d35_targets_line.ms/']	['27','27','27','18','18']	0.002	0.45	0.42	x				
N44C	HNC10	2016.1.00380	N44C	1.5	T	12p7	1.5	1.2	['2016.1.00380.nishimura/B3_uid___A001_X87c_Xc8_N44_HCOp10/TM1_Xca/uid___A002_Xbadc30_X196e_targets_line.ms/','2016.1.00380.nishimura/B3_uid___A001_X87c_Xc8_N44_HCOp10/TM1_Xca/uid___A002_Xbff114_X2781_targets_line.ms/','2016.1.00380.nishimura/B3_uid___A001_X87c_Xc8_N44_HCOp10/TM2_Xcc/uid___A002_Xbdb592_X2e0_targets_line.ms/','2016.1.00380.nishimura/B3_uid___A001_X87c_Xc8_N44_HCOp10/7M_Xce/uid___A002_Xb9f161_X2682_targets_line.ms/','2016.1.00380.nishimura/B3_uid___A001_X87c_Xc8_N44_HCOp10/7M_Xce/uid___A002_Xb9f161_X2d35_targets_line.ms/']	['31','31','31','22','22']	0.003	0.45	0.42	x				
N44C	12CO21	2016.1.00596+2021.1.00040	LHA_120-N_44	1.5	T	12p7	0.69	0.6	['2016.1.00596.chevance/B6_uid___A001_X87d_X36c_N44_CO21/TM_X36e/uid___A002_Xbb2021_X717c_targets_line.ms/','2016.1.00596.chevance/B6_uid___A001_X87d_X36c_N44_CO21/7M_X370/uid___A002_Xb9b1b9_X19a2_targets_line.ms/','2016.1.00596.chevance/B6_uid___A001_X87d_X36c_N44_CO21/7M_X370/uid___A002_Xbd3836_X431a_targets_line.ms/']	['25','16','16']	nsigma=4	0.2	0.04	"2021.1.00040.tsuge/B6_uid___A001_X1590_X2254_N44/TP_X2258/member.uid___A001_X1590_X2258.N44_W_N_sci.spw23.cube.I.sd.im"				
N44C	13CO21	2016.1.00596+2021.1.00040	LHA_120-N_44	1.5	T	12p7	0.7	0.6	['2016.1.00596.chevance/B6_uid___A001_X87d_X36c_N44_CO21/TM_X36e/uid___A002_Xbb2021_X717c_targets_line.ms/','2016.1.00596.chevance/B6_uid___A001_X87d_X36c_N44_CO21/7M_X370/uid___A002_Xb9b1b9_X19a2_targets_line.ms/','2016.1.00596.chevance/B6_uid___A001_X87d_X36c_N44_CO21/7M_X370/uid___A002_Xbd3836_X431a_targets_line.ms/']	['29','22','22']	0.01	0.2	0.04	"2021.1.00040.tsuge/B6_uid___A001_X1590_X2254_N44/TP_X2258/member.uid___A001_X1590_X2258.N44_W_N_sci.spw19.cube.I.sd.im"			v=284 messed up, Check the weather data,	
N44C	C18O21	2016.1.00596+2021.1.00040	LHA_120-N_44	1.5	T	12p7	0.7	0.6	['2016.1.00596.chevance/B6_uid___A001_X87d_X36c_N44_CO21/TM_X36e/uid___A002_Xbb2021_X717c_targets_line.ms/','2016.1.00596.chevance/B6_uid___A001_X87d_X36c_N44_CO21/7M_X370/uid___A002_Xb9b1b9_X19a2_targets_line.ms/','2016.1.00596.chevance/B6_uid___A001_X87d_X36c_N44_CO21/7M_X370/uid___A002_Xbd3836_X431a_targets_line.ms/']	['27','20','20']	0.005	0.2	0.04	"2021.1.00040.tsuge/B6_uid___A001_X1590_X2254_N44/TP_X2258/member.uid___A001_X1590_X2258.N44_W_N_sci.spw17.cube.I.sd.im"				
N44C	cont1mm	2016.1.00596+2021.1.00040	LHA_120-N_44	1.5	T	12p7	0.7	0.6	['2016.1.00596.chevance/B6_uid___A001_X87d_X36c_N44_CO21/TM_X36e/uid___A002_Xbb2021_X717c_targets.ms/','2016.1.00596.chevance/B6_uid___A001_X87d_X36c_N44_CO21/7M_X370/uid___A002_Xb9b1b9_X19a2_targets.ms/','2016.1.00596.chevance/B6_uid___A001_X87d_X36c_N44_CO21/7M_X370/uid___A002_Xbd3836_X431a_targets.ms/']	['19','18','18']	1.00E-04	5	0.04	x				
N79	13CO10	2017.1.00093	YSO01	1.5	T	12p7	2.3	1.7	['2017.1.00093.onishi/B3_uid___A001_X1284_X1d43_13CO10/7M_X1d47/uid___A002_Xc8d560_Xa994_targets_line.ms','2017.1.00093.onishi/B3_uid___A001_X1284_X1d43_13CO10/7M_X1d47/uid___A002_Xc8ed16_X88da_targets_line.ms','2017.1.00093.onishi/B3_uid___A001_X1284_X1d43_13CO10/7M_X1d47/uid___A002_Xc8d560_X9c47_targets_line.ms','2017.1.00093.onishi/B3_uid___A001_X1284_X1d43_13CO10/7M_X1d47/uid___A002_Xc8ed16_Xb52_targets_line.ms','2017.1.00093.onishi/B3_uid___A001_X1284_X1d43_13CO10/7M_X1d47/uid___A002_Xc8b2b0_Xdc1_targets_line.ms','2017.1.00093.onishi/B3_uid___A001_X1284_X1d43_13CO10/7M_X1d47/uid___A002_Xc86fe5_Xa8ea_targets_line.ms','2017.1.00093.onishi/B3_uid___A001_X1284_X1d43_13CO10/7M_X1d47/uid___A002_Xc8ed16_X967c_targets_line.ms','2017.1.00093.onishi/B3_uid___A001_X1284_X1d43_13CO10/TM_X1d45/uid___A002_Xcb7a9d_X66d_targets_line.ms','2017.1.00093.onishi/B3_uid___A001_X1284_X1d43_13CO10/TM_X1d45/uid___A002_Xcb8a93_X1b2_targets_line.ms']	['18','18','18','18','18','18','18','27','27']	0.025	0.2	0.09	x				
N79	CS21	2017.1.00093	YSO01	1.5	T	12p7	2.6	1.9	['2017.1.00093.onishi/B3_uid___A001_X1284_X1d43_13CO10/7M_X1d47/uid___A002_Xc8d560_Xa994_targets_line.ms','2017.1.00093.onishi/B3_uid___A001_X1284_X1d43_13CO10/7M_X1d47/uid___A002_Xc8ed16_X88da_targets_line.ms','2017.1.00093.onishi/B3_uid___A001_X1284_X1d43_13CO10/7M_X1d47/uid___A002_Xc8d560_X9c47_targets_line.ms','2017.1.00093.onishi/B3_uid___A001_X1284_X1d43_13CO10/7M_X1d47/uid___A002_Xc8ed16_Xb52_targets_line.ms','2017.1.00093.onishi/B3_uid___A001_X1284_X1d43_13CO10/7M_X1d47/uid___A002_Xc8b2b0_Xdc1_targets_line.ms','2017.1.00093.onishi/B3_uid___A001_X1284_X1d43_13CO10/7M_X1d47/uid___A002_Xc86fe5_Xa8ea_targets_line.ms','2017.1.00093.onishi/B3_uid___A001_X1284_X1d43_13CO10/7M_X1d47/uid___A002_Xc8ed16_X967c_targets_line.ms','2017.1.00093.onishi/B3_uid___A001_X1284_X1d43_13CO10/TM_X1d45/uid___A002_Xcb7a9d_X66d_targets_line.ms','2017.1.00093.onishi/B3_uid___A001_X1284_X1d43_13CO10/TM_X1d45/uid___A002_Xcb8a93_X1b2_targets_line.ms']	['22','22','22','22','22','22','22','29','29']	0.025	0.2	0.09	x				
N79	C18O10	2017.1.00093	YSO01	1.5	T	12p7	2.4	1.7	['2017.1.00093.onishi/B3_uid___A001_X1284_X1d43_13CO10/7M_X1d47/uid___A002_Xc8d560_Xa994_targets_line.ms','2017.1.00093.onishi/B3_uid___A001_X1284_X1d43_13CO10/7M_X1d47/uid___A002_Xc8ed16_X88da_targets_line.ms','2017.1.00093.onishi/B3_uid___A001_X1284_X1d43_13CO10/7M_X1d47/uid___A002_Xc8d560_X9c47_targets_line.ms','2017.1.00093.onishi/B3_uid___A001_X1284_X1d43_13CO10/7M_X1d47/uid___A002_Xc8ed16_Xb52_targets_line.ms','2017.1.00093.onishi/B3_uid___A001_X1284_X1d43_13CO10/7M_X1d47/uid___A002_Xc8b2b0_Xdc1_targets_line.ms','2017.1.00093.onishi/B3_uid___A001_X1284_X1d43_13CO10/7M_X1d47/uid___A002_Xc86fe5_Xa8ea_targets_line.ms','2017.1.00093.onishi/B3_uid___A001_X1284_X1d43_13CO10/7M_X1d47/uid___A002_Xc8ed16_X967c_targets_line.ms','2017.1.00093.onishi/B3_uid___A001_X1284_X1d43_13CO10/TM_X1d45/uid___A002_Xcb7a9d_X66d_targets_line.ms','2017.1.00093.onishi/B3_uid___A001_X1284_X1d43_13CO10/TM_X1d45/uid___A002_Xcb8a93_X1b2_targets_line.ms']	['16','16','16','16','16','16','16','25','25']	0.03	0.2	0.09	x				
N79	cont3mm	2017.1.00093	YSO01	1.5	T	12p7	2.4	1.8	['2017.1.00093.onishi/B3_uid___A001_X1284_X1d43_13CO10/7M_X1d47/uid___A002_Xc8d560_Xa994_targets.ms','2017.1.00093.onishi/B3_uid___A001_X1284_X1d43_13CO10/7M_X1d47/uid___A002_Xc8ed16_X88da_targets.ms','2017.1.00093.onishi/B3_uid___A001_X1284_X1d43_13CO10/7M_X1d47/uid___A002_Xc8d560_X9c47_targets.ms','2017.1.00093.onishi/B3_uid___A001_X1284_X1d43_13CO10/7M_X1d47/uid___A002_Xc8ed16_Xb52_targets.ms','2017.1.00093.onishi/B3_uid___A001_X1284_X1d43_13CO10/7M_X1d47/uid___A002_Xc8b2b0_Xdc1_targets.ms','2017.1.00093.onishi/B3_uid___A001_X1284_X1d43_13CO10/7M_X1d47/uid___A002_Xc86fe5_Xa8ea_targets.ms','2017.1.00093.onishi/B3_uid___A001_X1284_X1d43_13CO10/7M_X1d47/uid___A002_Xc8ed16_X967c_targets.ms','2017.1.00093.onishi/B3_uid___A001_X1284_X1d43_13CO10/TM_X1d45/uid___A002_Xcb7a9d_X66d_targets.ms','2017.1.00093.onishi/B3_uid___A001_X1284_X1d43_13CO10/TM_X1d45/uid___A002_Xcb8a93_X1b2_targets.ms']	['20,24:10~850;1300~1900','20,24:10~850;1300~1900','20,24:10~850;1300~1900','20,24:10~850;1300~1900','20,24:10~850;1300~1900','20,24:10~850;1300~1900','20,24:10~850;1300~1900','19,31:10~850;1300~1900','19,31:10~850;1300~1900']	3.00E-04	3	2.9	x				
N79	SO3221	2017.1.00093	YSO01	1.5	T	12p7	2.6	1.9	['2017.1.00093.onishi/B3_uid___A001_X1284_X1d43_13CO10/7M_X1d47/uid___A002_Xc8d560_Xa994_targets_line.ms','2017.1.00093.onishi/B3_uid___A001_X1284_X1d43_13CO10/7M_X1d47/uid___A002_Xc8ed16_X88da_targets_line.ms','2017.1.00093.onishi/B3_uid___A001_X1284_X1d43_13CO10/7M_X1d47/uid___A002_Xc8d560_X9c47_targets_line.ms','2017.1.00093.onishi/B3_uid___A001_X1284_X1d43_13CO10/7M_X1d47/uid___A002_Xc8ed16_Xb52_targets_line.ms','2017.1.00093.onishi/B3_uid___A001_X1284_X1d43_13CO10/7M_X1d47/uid___A002_Xc8b2b0_Xdc1_targets_line.ms','2017.1.00093.onishi/B3_uid___A001_X1284_X1d43_13CO10/7M_X1d47/uid___A002_Xc86fe5_Xa8ea_targets_line.ms','2017.1.00093.onishi/B3_uid___A001_X1284_X1d43_13CO10/7M_X1d47/uid___A002_Xc8ed16_X967c_targets_line.ms','2017.1.00093.onishi/B3_uid___A001_X1284_X1d43_13CO10/TM_X1d45/uid___A002_Xcb7a9d_X66d_targets_line.ms','2017.1.00093.onishi/B3_uid___A001_X1284_X1d43_13CO10/TM_X1d45/uid___A002_Xcb8a93_X1b2_targets_line.ms']	['24','24','24','24','24','24','24','31','31']	0.004	3	2.9	x				
N79	H40a	2017.1.00093	YSO01	1.5	T	12p7	2.6	1.9	['2017.1.00093.onishi/B3_uid___A001_X1284_X1d43_13CO10/7M_X1d47/uid___A002_Xc8d560_Xa994_targets_line.ms','2017.1.00093.onishi/B3_uid___A001_X1284_X1d43_13CO10/7M_X1d47/uid___A002_Xc8ed16_X88da_targets_line.ms','2017.1.00093.onishi/B3_uid___A001_X1284_X1d43_13CO10/7M_X1d47/uid___A002_Xc8d560_X9c47_targets_line.ms','2017.1.00093.onishi/B3_uid___A001_X1284_X1d43_13CO10/7M_X1d47/uid___A002_Xc8ed16_Xb52_targets_line.ms','2017.1.00093.onishi/B3_uid___A001_X1284_X1d43_13CO10/7M_X1d47/uid___A002_Xc8b2b0_Xdc1_targets_line.ms','2017.1.00093.onishi/B3_uid___A001_X1284_X1d43_13CO10/7M_X1d47/uid___A002_Xc86fe5_Xa8ea_targets_line.ms','2017.1.00093.onishi/B3_uid___A001_X1284_X1d43_13CO10/7M_X1d47/uid___A002_Xc8ed16_X967c_targets_line.ms','2017.1.00093.onishi/B3_uid___A001_X1284_X1d43_13CO10/TM_X1d45/uid___A002_Xcb7a9d_X66d_targets_line.ms','2017.1.00093.onishi/B3_uid___A001_X1284_X1d43_13CO10/TM_X1d45/uid___A002_Xcb8a93_X1b2_targets_line.ms']	['24','24','24','24','24','24','24','31','31']	0.006	3	2.9	x				
N79	12CO21	2015.1.01155+2017.1.00093	J72.971176-69.391112	1.5	T	12p7	2	1	['2013.1.01155.meixner/B6_uid___A001_X13f_X176_CO21/TC_X17a/uid___A002_X9a9a13_Xd15_targets_line.ms/']	['17']	0.03	0.2	0.16	"2017.1.00093.onishi/B6_uid___A001_X1284_X1d49_CO21/TP_YSO01_02_X117/member.uid___A001_X12d0_X117.YSO01.spw17.I.sd.im.hann.canon/"	  			
N79	13CO21	2015.1.01155+2017.1.00093	J72.971176-69.391112	1.5	T	12p7	2	1.1	['2013.1.01155.meixner/B6_uid___A001_X13f_X176_CO21/TC_X17a/uid___A002_X9a9a13_Xd15_targets_line.ms/']	['21']	0.03	0.2	0.16	"2017.1.00093.onishi/B6_uid___A001_X1284_X1d49_CO21/TP_YSO01_02_X117/member.uid___A001_X12d0_X117.YSO01.spw23.I.sd.im.canon/"	  			
N79	C18O21	2015.1.01155+2017.1.00093	J72.971176-69.391112	1.5	T	12p7	2	1.1	['2013.1.01155.meixner/B6_uid___A001_X13f_X176_CO21/TC_X17a/uid___A002_X9a9a13_Xd15_targets_line.ms/']	['23']	0.03	0.2	0.16	"2017.1.00093.onishi/B6_uid___A001_X1284_X1d49_CO21/TP_YSO01_02_X117/member.uid___A001_X12d0_X117.YSO01.spw21.I.sd.im.canon/"	  			
N79	H30ax	2015.1.01155+2017.1.00093	J72.971176-69.391112	1.5	T	12p7	1.8	1	['2013.1.01155.meixner/B6_uid___A001_X13f_X176_CO21/TC_X17a/uid___A002_X9a9a13_Xd15_targets_line.ms/']	['19']	0.03	TDM	0.16	"2017.1.00093.onishi/B6_uid___A001_X1284_X1d49_CO21/TP_YSO01_02_X117/member.uid___A001_X12d0_X117.YSO01.spw19.I.sd.im.canon/"	  			
N79	cont1mm	2015.1.01155+2017.1.00093	J72.971176-69.391112	1.5	T	12p7	1.9	1	['2013.1.01155.meixner/B6_uid___A001_X13f_X176_CO21/TC_X17a/uid___A002_X9a9a13_Xd15_targets.ms/']	['19:230.8GHz~231.6GHz;231.9GHz~232.8GHz']	0.0005	0.2	0.16	x	  			
N171	13CO10	2012.1.00603,2015.1.00196,2016.1.000633	['N171','N171','N171','N171','N171','N171','LMC0NT197','LMC0NT197','LMC0NT197','LMC0NT197','LMC0NT197','LMC0NT197','LMC0NT197','LMC0NT197','LMC0NT197','LMC0NT197','LMC0NT197']	1.5	T	12p7	2.4	1.8	['2012.1.00603.kawamura/B3_uid___A002_X6f9b0f_Xdb_N171_13CO10/TM_Xdc/uid___A002_X75d7ca_X166f_targets_line.ms','2012.1.00603.kawamura/B3_uid___A002_X6f9b0f_Xdb_N171_13CO10/7M_Xde/uid___A002_X75d7ca_X117e_targets_line.ms','2012.1.00603.kawamura/B3_uid___A002_X6f9b0f_Xdb_N171_13CO10/7M_Xde/uid___A002_X75f169_X4c6_targets_line.ms','2012.1.00603.kawamura/B3_uid___A002_X6f9b0f_Xdb_N171_13CO10/7M_Xde/uid___A002_X75f169_X6fd_targets_line.ms','2012.1.00603.kawamura/B3_uid___A002_X6f9b0f_Xdb_N171_13CO10/7M_Xde/uid___A002_X9a9a13_Xada_targets_line.ms','2012.1.00603.kawamura/B3_uid___A002_X6f9b0f_Xdb_N171_13CO10/7M_Xde/uid___A002_X9aa6ef_X1e3_targets_line.ms','2015.1.00196.duval/B3_uid___A001_X33e_Xf1_multi_13CO10/TM_Xf3/uid___A002_Xb0ebd1_X5426_targets_line.ms','2015.1.00196.duval/B3_uid___A001_X33e_Xf1_multi_13CO10/TM_Xf3/uid___A002_Xb0ebd1_Xa148_targets_line.ms','2015.1.00196.duval/B3_uid___A001_X33e_Xf1_multi_13CO10/7M_multi_Xf5/uid___A002_Xb25e1a_X10462_targets_line.ms/','2015.1.00196.duval/B3_uid___A001_X33e_Xf1_multi_13CO10/7M_multi_Xf5/uid___A002_Xb28642_X6fe_targets_line.ms/','2015.1.00196.duval/B3_uid___A001_X33e_Xf1_multi_13CO10/7M_multi_Xf5/uid___A002_Xb28642_X7852_targets_line.ms/','2015.1.00196.duval/B3_uid___A001_X33e_Xf1_multi_13CO10/7M_multi_Xf5/uid___A002_Xb41687_X623a_targets_line.ms/','2015.1.00196.duval/B3_uid___A001_X33e_Xf1_multi_13CO10/7M_multi_Xf5/uid___A002_Xb41687_X6b8d_targets_line.ms/','2015.1.00196.duval/B3_uid___A001_X33e_Xf1_multi_13CO10/7M_multi_Xf5/uid___A002_Xb4264b_X4a72_targets_line.ms/','2015.1.00196.duval/B3_uid___A001_X33e_Xf1_multi_13CO10/7M_multi_Xf5/uid___A002_Xb4264b_X5504_targets_line.ms/','2015.1.00196.duval/B3_uid___A001_X33e_Xf1_multi_13CO10/7M_multi_Xf5/uid___A002_Xb4264b_X5f3d_targets_line.ms/','2016.1.00063.duval/B3_uid___A001_X879_X6e5_multi_13CO10/7M_multi_X6e7/uid___A002_Xb8f857_X3977_targets_line.ms/']	['17','16','16','16','16','17','25','25','16','16','16','16','16','16','16','16','16']	0.006	0.4	0.33	"2012.1.00603.kawamura/B3_uid___A002_X6f9b0f_Xdb_N171_13CO10/TP_Xd4/N171_B3_TP.spw17.hann.canon"				
N171	C18O10	2012.1.00603,2015.1.00196,2016.1.000633	['N171','N171','N171','N171','N171','N171','LMC0NT197','LMC0NT197','LMC0NT197','LMC0NT197','LMC0NT197','LMC0NT197','LMC0NT197','LMC0NT197','LMC0NT197','LMC0NT197','LMC0NT197']	1.5	T	12p7	2.4	1.9	['2012.1.00603.kawamura/B3_uid___A002_X6f9b0f_Xdb_N171_13CO10/TM_Xdc/uid___A002_X75d7ca_X166f_targets_line.ms','2012.1.00603.kawamura/B3_uid___A002_X6f9b0f_Xdb_N171_13CO10/7M_Xde/uid___A002_X75d7ca_X117e_targets_line.ms','2012.1.00603.kawamura/B3_uid___A002_X6f9b0f_Xdb_N171_13CO10/7M_Xde/uid___A002_X75f169_X4c6_targets_line.ms','2012.1.00603.kawamura/B3_uid___A002_X6f9b0f_Xdb_N171_13CO10/7M_Xde/uid___A002_X75f169_X6fd_targets_line.ms','2012.1.00603.kawamura/B3_uid___A002_X6f9b0f_Xdb_N171_13CO10/7M_Xde/uid___A002_X9a9a13_Xada_targets_line.ms','2012.1.00603.kawamura/B3_uid___A002_X6f9b0f_Xdb_N171_13CO10/7M_Xde/uid___A002_X9aa6ef_X1e3_targets_line.ms','2015.1.00196.duval/B3_uid___A001_X33e_Xf1_multi_13CO10/TM_Xf3/uid___A002_Xb0ebd1_X5426_targets_line.ms','2015.1.00196.duval/B3_uid___A001_X33e_Xf1_multi_13CO10/TM_Xf3/uid___A002_Xb0ebd1_Xa148_targets_line.ms','2015.1.00196.duval/B3_uid___A001_X33e_Xf1_multi_13CO10/7M_multi_Xf5/uid___A002_Xb25e1a_X10462_targets_line.ms/','2015.1.00196.duval/B3_uid___A001_X33e_Xf1_multi_13CO10/7M_multi_Xf5/uid___A002_Xb28642_X6fe_targets_line.ms/','2015.1.00196.duval/B3_uid___A001_X33e_Xf1_multi_13CO10/7M_multi_Xf5/uid___A002_Xb28642_X7852_targets_line.ms/','2015.1.00196.duval/B3_uid___A001_X33e_Xf1_multi_13CO10/7M_multi_Xf5/uid___A002_Xb41687_X623a_targets_line.ms/','2015.1.00196.duval/B3_uid___A001_X33e_Xf1_multi_13CO10/7M_multi_Xf5/uid___A002_Xb41687_X6b8d_targets_line.ms/','2015.1.00196.duval/B3_uid___A001_X33e_Xf1_multi_13CO10/7M_multi_Xf5/uid___A002_Xb4264b_X4a72_targets_line.ms/','2015.1.00196.duval/B3_uid___A001_X33e_Xf1_multi_13CO10/7M_multi_Xf5/uid___A002_Xb4264b_X5504_targets_line.ms/','2015.1.00196.duval/B3_uid___A001_X33e_Xf1_multi_13CO10/7M_multi_Xf5/uid___A002_Xb4264b_X5f3d_targets_line.ms/','2016.1.00063.duval/B3_uid___A001_X879_X6e5_multi_13CO10/7M_multi_X6e7/uid___A002_Xb8f857_X3977_targets_line.ms/']	['19','18','18','18','18','19','27','27','18','18','18','18','18','18','18','18','18']	0.006	0.4	0.33	"2012.1.00603.kawamura/B3_uid___A002_X6f9b0f_Xdb_N171_13CO10/TP_Xd4/N171_B3_TP.spw19.hann.canon"				
N171	CS21	2012.1.00603,2015.1.00196,2016.1.000633	['N171','N171','N171','N171','N171','N171','LMC0NT197','LMC0NT197','LMC0NT197','LMC0NT197','LMC0NT197','LMC0NT197','LMC0NT197','LMC0NT197','LMC0NT197','LMC0NT197','LMC0NT197']	1.5	T	12p7	2.6	2	['2012.1.00603.kawamura/B3_uid___A002_X6f9b0f_Xdb_N171_13CO10/TM_Xdc/uid___A002_X75d7ca_X166f_targets_line.ms','2012.1.00603.kawamura/B3_uid___A002_X6f9b0f_Xdb_N171_13CO10/7M_Xde/uid___A002_X75d7ca_X117e_targets_line.ms','2012.1.00603.kawamura/B3_uid___A002_X6f9b0f_Xdb_N171_13CO10/7M_Xde/uid___A002_X75f169_X4c6_targets_line.ms','2012.1.00603.kawamura/B3_uid___A002_X6f9b0f_Xdb_N171_13CO10/7M_Xde/uid___A002_X75f169_X6fd_targets_line.ms','2012.1.00603.kawamura/B3_uid___A002_X6f9b0f_Xdb_N171_13CO10/7M_Xde/uid___A002_X9a9a13_Xada_targets_line.ms','2012.1.00603.kawamura/B3_uid___A002_X6f9b0f_Xdb_N171_13CO10/7M_Xde/uid___A002_X9aa6ef_X1e3_targets_line.ms','2015.1.00196.duval/B3_uid___A001_X33e_Xf1_multi_13CO10/TM_Xf3/uid___A002_Xb0ebd1_X5426_targets_line.ms','2015.1.00196.duval/B3_uid___A001_X33e_Xf1_multi_13CO10/TM_Xf3/uid___A002_Xb0ebd1_Xa148_targets_line.ms','2015.1.00196.duval/B3_uid___A001_X33e_Xf1_multi_13CO10/7M_multi_Xf5/uid___A002_Xb25e1a_X10462_targets_line.ms/','2015.1.00196.duval/B3_uid___A001_X33e_Xf1_multi_13CO10/7M_multi_Xf5/uid___A002_Xb28642_X6fe_targets_line.ms/','2015.1.00196.duval/B3_uid___A001_X33e_Xf1_multi_13CO10/7M_multi_Xf5/uid___A002_Xb28642_X7852_targets_line.ms/','2015.1.00196.duval/B3_uid___A001_X33e_Xf1_multi_13CO10/7M_multi_Xf5/uid___A002_Xb41687_X623a_targets_line.ms/','2015.1.00196.duval/B3_uid___A001_X33e_Xf1_multi_13CO10/7M_multi_Xf5/uid___A002_Xb41687_X6b8d_targets_line.ms/','2015.1.00196.duval/B3_uid___A001_X33e_Xf1_multi_13CO10/7M_multi_Xf5/uid___A002_Xb4264b_X4a72_targets_line.ms/','2015.1.00196.duval/B3_uid___A001_X33e_Xf1_multi_13CO10/7M_multi_Xf5/uid___A002_Xb4264b_X5504_targets_line.ms/','2015.1.00196.duval/B3_uid___A001_X33e_Xf1_multi_13CO10/7M_multi_Xf5/uid___A002_Xb4264b_X5f3d_targets_line.ms/','2016.1.00063.duval/B3_uid___A001_X879_X6e5_multi_13CO10/7M_multi_X6e7/uid___A002_Xb8f857_X3977_targets_line.ms/']	['21','20','20','20','20','21','29','29','20','20','20','20','20','20','20','20','20']	0.006	0.4	0.33	"2012.1.00603.kawamura/B3_uid___A002_X6f9b0f_Xdb_N171_13CO10/TP_Xd4/N171_B3_TP.spw21.hann.canon"				
N171	cont3mm	2012.1.00603,2015.1.00196,2016.1.000633	['N171','N171','N171','N171','N171','N171','LMC0NT197','LMC0NT197','LMC0NT197','LMC0NT197','LMC0NT197','LMC0NT197','LMC0NT197','LMC0NT197','LMC0NT197','LMC0NT197','LMC0NT197']	1.5	T	12p7	2.7	2	['2012.1.00603.kawamura/B3_uid___A002_X6f9b0f_Xdb_N171_13CO10/TM_Xdc/uid___A002_X75d7ca_X166f_targets.ms','2012.1.00603.kawamura/B3_uid___A002_X6f9b0f_Xdb_N171_13CO10/7M_Xde/uid___A002_X75d7ca_X117e_targets.ms','2012.1.00603.kawamura/B3_uid___A002_X6f9b0f_Xdb_N171_13CO10/7M_Xde/uid___A002_X75f169_X4c6_targets.ms','2012.1.00603.kawamura/B3_uid___A002_X6f9b0f_Xdb_N171_13CO10/7M_Xde/uid___A002_X75f169_X6fd_targets.ms','2012.1.00603.kawamura/B3_uid___A002_X6f9b0f_Xdb_N171_13CO10/7M_Xde/uid___A002_X9a9a13_Xada_targets.ms','2012.1.00603.kawamura/B3_uid___A002_X6f9b0f_Xdb_N171_13CO10/7M_Xde/uid___A002_X9aa6ef_X1e3_targets.ms','2015.1.00196.duval/B3_uid___A001_X33e_Xf1_multi_13CO10/TM_Xf3/uid___A002_Xb0ebd1_X5426_targets.ms','2015.1.00196.duval/B3_uid___A001_X33e_Xf1_multi_13CO10/TM_Xf3/uid___A002_Xb0ebd1_Xa148_targets.ms','2015.1.00196.duval/B3_uid___A001_X33e_Xf1_multi_13CO10/7M_multi_Xf5/uid___A002_Xb25e1a_X10462_targets.ms/','2015.1.00196.duval/B3_uid___A001_X33e_Xf1_multi_13CO10/7M_multi_Xf5/uid___A002_Xb28642_X6fe_targets.ms/','2015.1.00196.duval/B3_uid___A001_X33e_Xf1_multi_13CO10/7M_multi_Xf5/uid___A002_Xb28642_X7852_targets.ms/','2015.1.00196.duval/B3_uid___A001_X33e_Xf1_multi_13CO10/7M_multi_Xf5/uid___A002_Xb41687_X623a_targets.ms/','2015.1.00196.duval/B3_uid___A001_X33e_Xf1_multi_13CO10/7M_multi_Xf5/uid___A002_Xb41687_X6b8d_targets.ms/','2015.1.00196.duval/B3_uid___A001_X33e_Xf1_multi_13CO10/7M_multi_Xf5/uid___A002_Xb4264b_X4a72_targets.ms/','2015.1.00196.duval/B3_uid___A001_X33e_Xf1_multi_13CO10/7M_multi_Xf5/uid___A002_Xb4264b_X5504_targets.ms/','2015.1.00196.duval/B3_uid___A001_X33e_Xf1_multi_13CO10/7M_multi_Xf5/uid___A002_Xb4264b_X5f3d_targets.ms/','2016.1.00063.duval/B3_uid___A001_X879_X6e5_multi_13CO10/7M_multi_X6e7/uid___A002_Xb8f857_X3977_targets.ms/']	['23:98GHz~98.8GHz;99.3GHz~100GHz','22:98GHz~98.8GHz;99.3GHz~100GHz','22:98GHz~98.8GHz;99.3GHz~100GHz','22:98GHz~98.8GHz;99.3GHz~100GHz','22:98GHz~98.8GHz;99.3GHz~100GHz','23:98GHz~98.8GHz;99.3GHz~100GHz','23','23','22','22','22','22','22','22','22','22','22']	0.0003	1.5	1.4	x				
N171d	13CO10	2015.1.00196,2016.1.000633	['LMC0NT197','LMC0NT197','LMC0NT197','LMC0NT197','LMC0NT197','LMC0NT197','LMC0NT197','LMC0NT197','LMC0NT197','LMC0NT197','LMC0NT197']	1.5	T	12p7	2.4	1.8	['2015.1.00196.duval/B3_uid___A001_X33e_Xf1_multi_13CO10/TM_Xf3/uid___A002_Xb0ebd1_X5426_targets_line.ms','2015.1.00196.duval/B3_uid___A001_X33e_Xf1_multi_13CO10/TM_Xf3/uid___A002_Xb0ebd1_Xa148_targets_line.ms','2015.1.00196.duval/B3_uid___A001_X33e_Xf1_multi_13CO10/7M_multi_Xf5/uid___A002_Xb25e1a_X10462_targets_line.ms/','2015.1.00196.duval/B3_uid___A001_X33e_Xf1_multi_13CO10/7M_multi_Xf5/uid___A002_Xb28642_X6fe_targets_line.ms/','2015.1.00196.duval/B3_uid___A001_X33e_Xf1_multi_13CO10/7M_multi_Xf5/uid___A002_Xb28642_X7852_targets_line.ms/','2015.1.00196.duval/B3_uid___A001_X33e_Xf1_multi_13CO10/7M_multi_Xf5/uid___A002_Xb41687_X623a_targets_line.ms/','2015.1.00196.duval/B3_uid___A001_X33e_Xf1_multi_13CO10/7M_multi_Xf5/uid___A002_Xb41687_X6b8d_targets_line.ms/','2015.1.00196.duval/B3_uid___A001_X33e_Xf1_multi_13CO10/7M_multi_Xf5/uid___A002_Xb4264b_X4a72_targets_line.ms/','2015.1.00196.duval/B3_uid___A001_X33e_Xf1_multi_13CO10/7M_multi_Xf5/uid___A002_Xb4264b_X5504_targets_line.ms/','2015.1.00196.duval/B3_uid___A001_X33e_Xf1_multi_13CO10/7M_multi_Xf5/uid___A002_Xb4264b_X5f3d_targets_line.ms/','2016.1.00063.duval/B3_uid___A001_X879_X6e5_multi_13CO10/7M_multi_X6e7/uid___A002_Xb8f857_X3977_targets_line.ms/']	['17','16','16','16','16','17','25','25','16','16','16','16','16','16','16','16','16']	0.006	0.4	0.33	"2012.1.00603.kawamura/B3_uid___A002_X6f9b0f_Xdb_N171_13CO10/TP_Xd4/N171_B3_TP.spw17.hann.canon"				
N171d	C18O10	2015.1.00196,2016.1.000633	['LMC0NT197','LMC0NT197','LMC0NT197','LMC0NT197','LMC0NT197','LMC0NT197','LMC0NT197','LMC0NT197','LMC0NT197','LMC0NT197','LMC0NT197']	1.5	T	12p7	2.4	1.9	['2015.1.00196.duval/B3_uid___A001_X33e_Xf1_multi_13CO10/TM_Xf3/uid___A002_Xb0ebd1_X5426_targets_line.ms','2015.1.00196.duval/B3_uid___A001_X33e_Xf1_multi_13CO10/TM_Xf3/uid___A002_Xb0ebd1_Xa148_targets_line.ms','2015.1.00196.duval/B3_uid___A001_X33e_Xf1_multi_13CO10/7M_multi_Xf5/uid___A002_Xb25e1a_X10462_targets_line.ms/','2015.1.00196.duval/B3_uid___A001_X33e_Xf1_multi_13CO10/7M_multi_Xf5/uid___A002_Xb28642_X6fe_targets_line.ms/','2015.1.00196.duval/B3_uid___A001_X33e_Xf1_multi_13CO10/7M_multi_Xf5/uid___A002_Xb28642_X7852_targets_line.ms/','2015.1.00196.duval/B3_uid___A001_X33e_Xf1_multi_13CO10/7M_multi_Xf5/uid___A002_Xb41687_X623a_targets_line.ms/','2015.1.00196.duval/B3_uid___A001_X33e_Xf1_multi_13CO10/7M_multi_Xf5/uid___A002_Xb41687_X6b8d_targets_line.ms/','2015.1.00196.duval/B3_uid___A001_X33e_Xf1_multi_13CO10/7M_multi_Xf5/uid___A002_Xb4264b_X4a72_targets_line.ms/','2015.1.00196.duval/B3_uid___A001_X33e_Xf1_multi_13CO10/7M_multi_Xf5/uid___A002_Xb4264b_X5504_targets_line.ms/','2015.1.00196.duval/B3_uid___A001_X33e_Xf1_multi_13CO10/7M_multi_Xf5/uid___A002_Xb4264b_X5f3d_targets_line.ms/','2016.1.00063.duval/B3_uid___A001_X879_X6e5_multi_13CO10/7M_multi_X6e7/uid___A002_Xb8f857_X3977_targets_line.ms/']	['19','18','18','18','18','19','27','27','18','18','18','18','18','18','18','18','18']	0.006	0.4	0.33	"2012.1.00603.kawamura/B3_uid___A002_X6f9b0f_Xdb_N171_13CO10/TP_Xd4/N171_B3_TP.spw19.hann.canon"				
N171d	CS21	2015.1.00196,2016.1.000633	['LMC0NT197','LMC0NT197','LMC0NT197','LMC0NT197','LMC0NT197','LMC0NT197','LMC0NT197','LMC0NT197','LMC0NT197','LMC0NT197','LMC0NT197']	1.5	T	12p7	2.6	2	['2015.1.00196.duval/B3_uid___A001_X33e_Xf1_multi_13CO10/TM_Xf3/uid___A002_Xb0ebd1_X5426_targets_line.ms','2015.1.00196.duval/B3_uid___A001_X33e_Xf1_multi_13CO10/TM_Xf3/uid___A002_Xb0ebd1_Xa148_targets_line.ms','2015.1.00196.duval/B3_uid___A001_X33e_Xf1_multi_13CO10/7M_multi_Xf5/uid___A002_Xb25e1a_X10462_targets_line.ms/','2015.1.00196.duval/B3_uid___A001_X33e_Xf1_multi_13CO10/7M_multi_Xf5/uid___A002_Xb28642_X6fe_targets_line.ms/','2015.1.00196.duval/B3_uid___A001_X33e_Xf1_multi_13CO10/7M_multi_Xf5/uid___A002_Xb28642_X7852_targets_line.ms/','2015.1.00196.duval/B3_uid___A001_X33e_Xf1_multi_13CO10/7M_multi_Xf5/uid___A002_Xb41687_X623a_targets_line.ms/','2015.1.00196.duval/B3_uid___A001_X33e_Xf1_multi_13CO10/7M_multi_Xf5/uid___A002_Xb41687_X6b8d_targets_line.ms/','2015.1.00196.duval/B3_uid___A001_X33e_Xf1_multi_13CO10/7M_multi_Xf5/uid___A002_Xb4264b_X4a72_targets_line.ms/','2015.1.00196.duval/B3_uid___A001_X33e_Xf1_multi_13CO10/7M_multi_Xf5/uid___A002_Xb4264b_X5504_targets_line.ms/','2015.1.00196.duval/B3_uid___A001_X33e_Xf1_multi_13CO10/7M_multi_Xf5/uid___A002_Xb4264b_X5f3d_targets_line.ms/','2016.1.00063.duval/B3_uid___A001_X879_X6e5_multi_13CO10/7M_multi_X6e7/uid___A002_Xb8f857_X3977_targets_line.ms/']	['21','20','20','20','20','21','29','29','20','20','20','20','20','20','20','20','20']	0.006	0.4	0.33	"2012.1.00603.kawamura/B3_uid___A002_X6f9b0f_Xdb_N171_13CO10/TP_Xd4/N171_B3_TP.spw21.hann.canon"				
N171d	cont3mm	2015.1.00196,2016.1.000633	['LMC0NT197','LMC0NT197','LMC0NT197','LMC0NT197','LMC0NT197','LMC0NT197','LMC0NT197','LMC0NT197','LMC0NT197','LMC0NT197','LMC0NT197']	1.5	T	12p7	2.7	2	['2015.1.00196.duval/B3_uid___A001_X33e_Xf1_multi_13CO10/TM_Xf3/uid___A002_Xb0ebd1_X5426_targets_line.ms','2015.1.00196.duval/B3_uid___A001_X33e_Xf1_multi_13CO10/TM_Xf3/uid___A002_Xb0ebd1_Xa148_targets_line.ms','2015.1.00196.duval/B3_uid___A001_X33e_Xf1_multi_13CO10/7M_multi_Xf5/uid___A002_Xb25e1a_X10462_targets_line.ms/','2015.1.00196.duval/B3_uid___A001_X33e_Xf1_multi_13CO10/7M_multi_Xf5/uid___A002_Xb28642_X6fe_targets_line.ms/','2015.1.00196.duval/B3_uid___A001_X33e_Xf1_multi_13CO10/7M_multi_Xf5/uid___A002_Xb28642_X7852_targets_line.ms/','2015.1.00196.duval/B3_uid___A001_X33e_Xf1_multi_13CO10/7M_multi_Xf5/uid___A002_Xb41687_X623a_targets_line.ms/','2015.1.00196.duval/B3_uid___A001_X33e_Xf1_multi_13CO10/7M_multi_Xf5/uid___A002_Xb41687_X6b8d_targets_line.ms/','2015.1.00196.duval/B3_uid___A001_X33e_Xf1_multi_13CO10/7M_multi_Xf5/uid___A002_Xb4264b_X4a72_targets_line.ms/','2015.1.00196.duval/B3_uid___A001_X33e_Xf1_multi_13CO10/7M_multi_Xf5/uid___A002_Xb4264b_X5504_targets_line.ms/','2015.1.00196.duval/B3_uid___A001_X33e_Xf1_multi_13CO10/7M_multi_Xf5/uid___A002_Xb4264b_X5f3d_targets_line.ms/','2016.1.00063.duval/B3_uid___A001_X879_X6e5_multi_13CO10/7M_multi_X6e7/uid___A002_Xb8f857_X3977_targets_line.ms/']	['23:98GHz~98.8GHz;99.3GHz~100GHz','22:98GHz~98.8GHz;99.3GHz~100GHz','22:98GHz~98.8GHz;99.3GHz~100GHz','22:98GHz~98.8GHz;99.3GHz~100GHz','22:98GHz~98.8GHz;99.3GHz~100GHz','23:98GHz~98.8GHz;99.3GHz~100GHz','23','23','22','22','22','22','22','22','22','22','22']	0.0003	1.5	1.4	x				
N171	12CO21	2016.1.00203,2017.1.00681,2015.1.001962016.1.00063	['N171','N171','N171','LMC0NT197','LMC0NT197','LMC0NT197','LMC0NT197','LMC0NT197','LMC0NT197','LMC0NT197']	1.5	T	12p7	1.5	1	['2016.1.00203.kawamura/B6_uid___A001_X87c_X8bd_N171_CO21/TM_X8bf/uid___A002_Xbf4033_X9d8_targets_line.ms/','2016.1.00203.kawamura/B6_uid___A001_X87c_X8bd_N171_CO21/7M_X8c1/uid___A002_Xb9c01c_X3517_targets_line.ms/','2016.1.00203.kawamura/B6_uid___A001_X87c_X8bd_N171_CO21/7M_X8c1/uid___A002_Xb9dfa4_X34e7_targets_line.ms/','2017.1.00681.duval/B3_uid___A001_X12a3_X82c_multi_CO21/TM_X82e/uid___A002_Xce574d_X363c_targets_line.ms/','2015.1.00196.duval/B6_uid___A001_X33e_Xdd_multi_CO21/TM_Xe1/uid___A002_Xb5f503_X3754_targets_line.ms/','2015.1.00196.duval/B6_uid___A001_X33e_Xdd_multi_CO21/TM_Xe1/uid___A002_Xb62a5b_X5a8b_targets_line.ms/','2015.1.00196.duval/B6_uid___A001_X33e_Xdd_multi_CO21/TM_Xe1/uid___A002_Xb638bc_X4565_targets_line.ms/','2016.1.00063.duval/B6_uid___A001_X879_X6d7_multi_CO21/7M_X6db/uid___A002_Xb8e115_X40ce_targets_line.ms/','2016.1.00063.duval/B6_uid___A001_X879_X6d7_multi_CO21/7M_X6db/uid___A002_Xb8f857_X26a3_targets_line.ms/','2016.1.00063.duval/B6_uid___A001_X879_X6d7_multi_CO21/7M_X6db/uid___A002_Xb8f857_X2fa1_targets_line.ms/']	['25','16','16','25','16','16','16','16','16','16']	0.01	0.4	0.33	"2016.1.00203.kawamura/B6_uid___A001_X87c_X8bd_N171_CO21/TP_X8c5/uid___A001_X87c_X8c5.N171_sci.spw17.cube.I.sd.hann.canon"				
N171	13CO21	2016.1.00203,2017.1.00681,2015.1.00196,2016.1.00063	['N171','N171','N171','LMC0NT197','LMC0NT197','LMC0NT197','LMC0NT197','LMC0NT197','LMC0NT197','LMC0NT197']	1.5	T	12p7	1.5	1	['2016.1.00203.kawamura/B6_uid___A001_X87c_X8bd_N171_CO21/TM_X8bf/uid___A002_Xbf4033_X9d8_targets_line.ms/','2016.1.00203.kawamura/B6_uid___A001_X87c_X8bd_N171_CO21/7M_X8c1/uid___A002_Xb9c01c_X3517_targets_line.ms/','2016.1.00203.kawamura/B6_uid___A001_X87c_X8bd_N171_CO21/7M_X8c1/uid___A002_Xb9dfa4_X34e7_targets_line.ms/','2017.1.00681.duval/B3_uid___A001_X12a3_X82c_multi_CO21/TM_X82e/uid___A002_Xce574d_X363c_targets_line.ms/','2015.1.00196.duval/B6_uid___A001_X33e_Xdd_multi_CO21/TM_Xe1/uid___A002_Xb5f503_X3754_targets_line.ms/','2015.1.00196.duval/B6_uid___A001_X33e_Xdd_multi_CO21/TM_Xe1/uid___A002_Xb62a5b_X5a8b_targets_line.ms/','2015.1.00196.duval/B6_uid___A001_X33e_Xdd_multi_CO21/TM_Xe1/uid___A002_Xb638bc_X4565_targets_line.ms/','2016.1.00063.duval/B6_uid___A001_X879_X6d7_multi_CO21/7M_X6db/uid___A002_Xb8e115_X40ce_targets_line.ms/','2016.1.00063.duval/B6_uid___A001_X879_X6d7_multi_CO21/7M_X6db/uid___A002_Xb8f857_X26a3_targets_line.ms/','2016.1.00063.duval/B6_uid___A001_X879_X6d7_multi_CO21/7M_X6db/uid___A002_Xb8f857_X2fa1_targets_line.ms/']	['31','22','22','27','20','20','20','20','20','20']	0.01	0.4	0.33	"2016.1.00203.kawamura/B6_uid___A001_X87c_X8bd_N171_CO21/TP_X8c5/uid___A001_X87c_X8c5.N171_sci.spw23.cube.I.sd.canon"				
N171	C18O21	2016.1.00203	N171	1.5	T	12p7	1.5	0.9	['2016.1.00203.kawamura/B6_uid___A001_X87c_X8bd_N171_CO21/TM_X8bf/uid___A002_Xbf4033_X9d8_targets_line.ms/','2016.1.00203.kawamura/B6_uid___A001_X87c_X8bd_N171_CO21/7M_X8c1/uid___A002_Xb9c01c_X3517_targets_line.ms/','2016.1.00203.kawamura/B6_uid___A001_X87c_X8bd_N171_CO21/7M_X8c1/uid___A002_Xb9dfa4_X34e7_targets_line.ms/']	['29','20','20']	0.01	0.2	0.16	"2016.1.00203.kawamura/B6_uid___A001_X87c_X8bd_N171_CO21/TP_X8c5/uid___A001_X87c_X8c5.N171_sci.spw21.cube.I.sd.canon"				
N171	H30a	2016.1.00203	N171	1.5	T	12p7	1.5	1.1	['2016.1.00203.kawamura/B6_uid___A001_X87c_X8bd_N171_CO21/TM_X8bf/uid___A002_Xbf4033_X9d8_targets_line.ms/','2016.1.00203.kawamura/B6_uid___A001_X87c_X8bd_N171_CO21/7M_X8c1/uid___A002_Xb9c01c_X3517_targets_line.ms/','2016.1.00203.kawamura/B6_uid___A001_X87c_X8bd_N171_CO21/7M_X8c1/uid___A002_Xb9dfa4_X34e7_targets_line.ms/']	['27','18','18']	0.01	3	2.5	"2016.1.00203.kawamura/B6_uid___A001_X87c_X8bd_N171_CO21/TP_X8c5/uid___A001_X87c_X8c5.N171_sci.spw19.cube.I.sd.canon"				
N171	cont1mm	2016.1.00203	N171	1.5	T	12p7	1.5	0.9	['2016.1.00203.kawamura/B6_uid___A001_X87c_X8bd_N171_CO21/TM_X8bf/uid___A002_Xbf4033_X9d8_targets.ms/','2016.1.00203.kawamura/B6_uid___A001_X87c_X8bd_N171_CO21/7M_X8c1/uid___A002_Xb9c01c_X3517_targets.ms/','2016.1.00203.kawamura/B6_uid___A001_X87c_X8bd_N171_CO21/7M_X8c1/uid___A002_Xb9dfa4_X34e7_targets.ms/']	['27:230.7GHz~231.25GHz;231.35GHz~231.65GHz;231.75GHz~232.8GHz,33:216GHz~216.9GHz;217.2GHz~218GHz','18:230.7GHz~231.25GHz;231.35GHz~231.65GHz;231.75GHz~232.8GHz,24:216GHz~216.9GHz;217.2GHz~218GHz','18:230.7GHz~231.25GHz;231.35GHz~231.65GHz;231.75GHz~232.8GHz,24:216GHz~216.9GHz;217.2GHz~218GHz']	0.0003	3	2.5	x				
N171	12CO10	2012.1.00641	cloud_197	1.5	T	12p7	2	1.8	['2012.1.00641.sawada/B3_uid___A002_X6b0cc1_X101_N171_12CO10/TM_X102/uid___A002_X74fea5_X841_targets_line.ms/','2012.1.00641.sawada/B3_uid___A002_X6b0cc1_X101_N171_12CO10/7M_X104/uid___A002_X74fea5_Xa54_targets_line.ms/','2012.1.00641.sawada/B3_uid___A002_X6b0cc1_X101_N171_12CO10/7M_X104/uid___A002_X74fea5_Xc53_targets_line.ms/','2012.1.00641.sawada/B3_uid___A002_X6b0cc1_X101_N171_12CO10/7M_X104/uid___A002_X75ab74_Xc7e_targets_line.ms/','2012.1.00641.sawada/B3_uid___A002_X6b0cc1_X101_N171_12CO10/7M_X104/uid___A002_X7f18fb_X5a2_targets_line.ms/']	['17','16','16','16','16']	0.1	0.4	0.3	"2012.1.00641.sawada/B3_uid___A002_X6b0cc1_X101_N171_12CO10/TP_Xf4/uid___A001_X147_Xf4.s13_16.cloud_197_sci.spw17.cube.I.iter0.image.sd/"				
N171k	13CO10	2012.1.00603	['N171','N171','N171','N171','N171','N171']	1.5	T	12p7	3	2.5	['2012.1.00603.kawamura/B3_uid___A002_X6f9b0f_Xdb_N171_13CO10/TM_Xdc/uid___A002_X75d7ca_X166f_targets_line.ms','2012.1.00603.kawamura/B3_uid___A002_X6f9b0f_Xdb_N171_13CO10/7M_Xde/uid___A002_X75d7ca_X117e_targets_line.ms','2012.1.00603.kawamura/B3_uid___A002_X6f9b0f_Xdb_N171_13CO10/7M_Xde/uid___A002_X75f169_X4c6_targets_line.ms','2012.1.00603.kawamura/B3_uid___A002_X6f9b0f_Xdb_N171_13CO10/7M_Xde/uid___A002_X75f169_X6fd_targets_line.ms','2012.1.00603.kawamura/B3_uid___A002_X6f9b0f_Xdb_N171_13CO10/7M_Xde/uid___A002_X9a9a13_Xada_targets_line.ms','2012.1.00603.kawamura/B3_uid___A002_X6f9b0f_Xdb_N171_13CO10/7M_Xde/uid___A002_X9aa6ef_X1e3_targets_line.ms']	['17','16','16','16','16','17']	0.006	0.4	0.33	"2012.1.00603.kawamura/B3_uid___A002_X6f9b0f_Xdb_N171_13CO10/TP_Xd4/N171_B3_TP.spw17.hann.canon"			beam too large	
N171k	C18O10	2012.1.00603	['N171','N171','N171','N171','N171','N171']	1.5	T	12p7	3	2.5	['2012.1.00603.kawamura/B3_uid___A002_X6f9b0f_Xdb_N171_13CO10/TM_Xdc/uid___A002_X75d7ca_X166f_targets_line.ms','2012.1.00603.kawamura/B3_uid___A002_X6f9b0f_Xdb_N171_13CO10/7M_Xde/uid___A002_X75d7ca_X117e_targets_line.ms','2012.1.00603.kawamura/B3_uid___A002_X6f9b0f_Xdb_N171_13CO10/7M_Xde/uid___A002_X75f169_X4c6_targets_line.ms','2012.1.00603.kawamura/B3_uid___A002_X6f9b0f_Xdb_N171_13CO10/7M_Xde/uid___A002_X75f169_X6fd_targets_line.ms','2012.1.00603.kawamura/B3_uid___A002_X6f9b0f_Xdb_N171_13CO10/7M_Xde/uid___A002_X9a9a13_Xada_targets_line.ms','2012.1.00603.kawamura/B3_uid___A002_X6f9b0f_Xdb_N171_13CO10/7M_Xde/uid___A002_X9aa6ef_X1e3_targets_line.ms']	['19','18','18','18','18','19']	0.006	0.4	0.33	"2012.1.00603.kawamura/B3_uid___A002_X6f9b0f_Xdb_N171_13CO10/TP_Xd4/N171_B3_TP.spw19.hann.canon"			beam too large	
N171k	CS21	2012.1.00603	['N171','N171','N171','N171','N171','N171']	1.5	T	12p7	3	2.5	['2012.1.00603.kawamura/B3_uid___A002_X6f9b0f_Xdb_N171_13CO10/TM_Xdc/uid___A002_X75d7ca_X166f_targets_line.ms','2012.1.00603.kawamura/B3_uid___A002_X6f9b0f_Xdb_N171_13CO10/7M_Xde/uid___A002_X75d7ca_X117e_targets_line.ms','2012.1.00603.kawamura/B3_uid___A002_X6f9b0f_Xdb_N171_13CO10/7M_Xde/uid___A002_X75f169_X4c6_targets_line.ms','2012.1.00603.kawamura/B3_uid___A002_X6f9b0f_Xdb_N171_13CO10/7M_Xde/uid___A002_X75f169_X6fd_targets_line.ms','2012.1.00603.kawamura/B3_uid___A002_X6f9b0f_Xdb_N171_13CO10/7M_Xde/uid___A002_X9a9a13_Xada_targets_line.ms','2012.1.00603.kawamura/B3_uid___A002_X6f9b0f_Xdb_N171_13CO10/7M_Xde/uid___A002_X9aa6ef_X1e3_targets_line.ms']	['21','20','20','20','20','21']	0.006	0.4	0.33	"2012.1.00603.kawamura/B3_uid___A002_X6f9b0f_Xdb_N171_13CO10/TP_Xd4/N171_B3_TP.spw21.hann.canon"			beam too large	
N171k	H40a	2012.1.00603	['N171','N171','N171','N171','N171','N171']	0.5	F	12p7	4	3.5	['2012.1.00603.kawamura/B3_uid___A002_X6f9b0f_Xdb_N171_13CO10/TM_Xdc/uid___A002_X75d7ca_X166f_targets_line.ms','2012.1.00603.kawamura/B3_uid___A002_X6f9b0f_Xdb_N171_13CO10/7M_Xde/uid___A002_X75d7ca_X117e_targets_line.ms','2012.1.00603.kawamura/B3_uid___A002_X6f9b0f_Xdb_N171_13CO10/7M_Xde/uid___A002_X75f169_X4c6_targets_line.ms','2012.1.00603.kawamura/B3_uid___A002_X6f9b0f_Xdb_N171_13CO10/7M_Xde/uid___A002_X75f169_X6fd_targets_line.ms','2012.1.00603.kawamura/B3_uid___A002_X6f9b0f_Xdb_N171_13CO10/7M_Xde/uid___A002_X9a9a13_Xada_targets_line.ms','2012.1.00603.kawamura/B3_uid___A002_X6f9b0f_Xdb_N171_13CO10/7M_Xde/uid___A002_X9aa6ef_X1e3_targets_line.ms']	['23','22','22','22','22','23']	0.006	1.5	1.4	"2012.1.00603.kawamura/B3_uid___A002_X6f9b0f_Xdb_N171_13CO10/TP_Xd4/N171_B3_TP.spw23.canon"			beam too large	
N171k	SO3221	2012.1.00603	['N171','N171','N171','N171','N171','N171']	1.5	T	12p7	3	2.5	['2012.1.00603.kawamura/B3_uid___A002_X6f9b0f_Xdb_N171_13CO10/TM_Xdc/uid___A002_X75d7ca_X166f_targets_line.ms','2012.1.00603.kawamura/B3_uid___A002_X6f9b0f_Xdb_N171_13CO10/7M_Xde/uid___A002_X75d7ca_X117e_targets_line.ms','2012.1.00603.kawamura/B3_uid___A002_X6f9b0f_Xdb_N171_13CO10/7M_Xde/uid___A002_X75f169_X4c6_targets_line.ms','2012.1.00603.kawamura/B3_uid___A002_X6f9b0f_Xdb_N171_13CO10/7M_Xde/uid___A002_X75f169_X6fd_targets_line.ms','2012.1.00603.kawamura/B3_uid___A002_X6f9b0f_Xdb_N171_13CO10/7M_Xde/uid___A002_X9a9a13_Xada_targets_line.ms','2012.1.00603.kawamura/B3_uid___A002_X6f9b0f_Xdb_N171_13CO10/7M_Xde/uid___A002_X9aa6ef_X1e3_targets_line.ms']	['23','22','22','22','22','23']	0.006	1.5	1.4	"2012.1.00603.kawamura/B3_uid___A002_X6f9b0f_Xdb_N171_13CO10/TP_Xd4/N171_B3_TP.spw23.canon"			beam too large	
N171k	cont3mm	2012.1.00603	['N171','N171','N171','N171','N171','N171']	1.5	T	12p7	3	2.5	['2012.1.00603.kawamura/B3_uid___A002_X6f9b0f_Xdb_N171_13CO10/TM_Xdc/uid___A002_X75d7ca_X166f_targets.ms','2012.1.00603.kawamura/B3_uid___A002_X6f9b0f_Xdb_N171_13CO10/7M_Xde/uid___A002_X75d7ca_X117e_targets.ms','2012.1.00603.kawamura/B3_uid___A002_X6f9b0f_Xdb_N171_13CO10/7M_Xde/uid___A002_X75f169_X4c6_targets.ms','2012.1.00603.kawamura/B3_uid___A002_X6f9b0f_Xdb_N171_13CO10/7M_Xde/uid___A002_X75f169_X6fd_targets.ms','2012.1.00603.kawamura/B3_uid___A002_X6f9b0f_Xdb_N171_13CO10/7M_Xde/uid___A002_X9a9a13_Xada_targets.ms','2012.1.00603.kawamura/B3_uid___A002_X6f9b0f_Xdb_N171_13CO10/7M_Xde/uid___A002_X9aa6ef_X1e3_targets.ms']	['23:98GHz~98.8GHz;99.3GHz~100GHz','22:98GHz~98.8GHz;99.3GHz~100GHz','22:98GHz~98.8GHz;99.3GHz~100GHz','22:98GHz~98.8GHz;99.3GHz~100GHz','22:98GHz~98.8GHz;99.3GHz~100GHz','23:98GHz~98.8GHz;99.3GHz~100GHz']	0.0003	1.5	1.4	x				
N171k	12CO21	2016.1.00203	N171	1.5	T	12p7	1.5	0.9	['2016.1.00203.kawamura/B6_uid___A001_X87c_X8bd_N171_CO21/TM_X8bf/uid___A002_Xbf4033_X9d8_targets_line.ms/','2016.1.00203.kawamura/B6_uid___A001_X87c_X8bd_N171_CO21/7M_X8c1/uid___A002_Xb9c01c_X3517_targets_line.ms/','2016.1.00203.kawamura/B6_uid___A001_X87c_X8bd_N171_CO21/7M_X8c1/uid___A002_Xb9dfa4_X34e7_targets_line.ms/']	['25','16','16']	0.01	0.2	0.16	"2016.1.00203.kawamura/B6_uid___A001_X87c_X8bd_N171_CO21/TP_X8c5/uid___A001_X87c_X8c5.N171_sci.spw17.cube.I.sd.hann.canon"				
N171k	13CO21	2016.1.00203	N171	1.5	T	12p7	1.5	0.9	['2016.1.00203.kawamura/B6_uid___A001_X87c_X8bd_N171_CO21/TM_X8bf/uid___A002_Xbf4033_X9d8_targets_line.ms/','2016.1.00203.kawamura/B6_uid___A001_X87c_X8bd_N171_CO21/7M_X8c1/uid___A002_Xb9c01c_X3517_targets_line.ms/','2016.1.00203.kawamura/B6_uid___A001_X87c_X8bd_N171_CO21/7M_X8c1/uid___A002_Xb9dfa4_X34e7_targets_line.ms/']	['31','22','22']	0.01	0.2	0.16	"2016.1.00203.kawamura/B6_uid___A001_X87c_X8bd_N171_CO21/TP_X8c5/uid___A001_X87c_X8c5.N171_sci.spw23.cube.I.sd.canon"				
N171k	C18O21	2016.1.00203	N171	1.5	T	12p7	1.5	0.9	['2016.1.00203.kawamura/B6_uid___A001_X87c_X8bd_N171_CO21/TM_X8bf/uid___A002_Xbf4033_X9d8_targets_line.ms/','2016.1.00203.kawamura/B6_uid___A001_X87c_X8bd_N171_CO21/7M_X8c1/uid___A002_Xb9c01c_X3517_targets_line.ms/','2016.1.00203.kawamura/B6_uid___A001_X87c_X8bd_N171_CO21/7M_X8c1/uid___A002_Xb9dfa4_X34e7_targets_line.ms/']	['29','20','20']	0.01	0.2	0.16	"2016.1.00203.kawamura/B6_uid___A001_X87c_X8bd_N171_CO21/TP_X8c5/uid___A001_X87c_X8c5.N171_sci.spw21.cube.I.sd.canon"				
N171k	H30a	2016.1.00203	N171	1.5	T	12p7	1.5	0.9	['2016.1.00203.kawamura/B6_uid___A001_X87c_X8bd_N171_CO21/TM_X8bf/uid___A002_Xbf4033_X9d8_targets_line.ms/','2016.1.00203.kawamura/B6_uid___A001_X87c_X8bd_N171_CO21/7M_X8c1/uid___A002_Xb9c01c_X3517_targets_line.ms/','2016.1.00203.kawamura/B6_uid___A001_X87c_X8bd_N171_CO21/7M_X8c1/uid___A002_Xb9dfa4_X34e7_targets_line.ms/']	['27','18','18']	0.01	3	2.5	"2016.1.00203.kawamura/B6_uid___A001_X87c_X8bd_N171_CO21/TP_X8c5/uid___A001_X87c_X8c5.N171_sci.spw19.cube.I.sd.canon"				
N171k	cont1mm	2016.1.00203	N171	1.5	T	12p7	1.5	0.9	['2016.1.00203.kawamura/B6_uid___A001_X87c_X8bd_N171_CO21/TM_X8bf/uid___A002_Xbf4033_X9d8_targets.ms/','2016.1.00203.kawamura/B6_uid___A001_X87c_X8bd_N171_CO21/7M_X8c1/uid___A002_Xb9c01c_X3517_targets.ms/','2016.1.00203.kawamura/B6_uid___A001_X87c_X8bd_N171_CO21/7M_X8c1/uid___A002_Xb9dfa4_X34e7_targets.ms/']	['27:230.7GHz~231.25GHz;231.35GHz~231.65GHz;231.75GHz~232.8GHz,33:216GHz~216.9GHz;217.2GHz~218GHz','18:230.7GHz~231.25GHz;231.35GHz~231.65GHz;231.75GHz~232.8GHz,24:216GHz~216.9GHz;217.2GHz~218GHz','18:230.7GHz~231.25GHz;231.35GHz~231.65GHz;231.75GHz~232.8GHz,24:216GHz~216.9GHz;217.2GHz~218GHz']	0.0003	3	2.5	x				
																		
N113	13CO10	2015.1.01388.S	N113	1.5	T	12	2.3	1.8	['2015.1.01388.sewilo/B3_uid___A001_X2df_X122_13CO10/TM_X124/uid___A002_Xb020f7_X12a_targets_line.ms']	['27']	0.01	0.25	0.06	x			overcleaned, little bowls in image	
N113	CS21	2015.1.01388.S	N113	1.5	T	12	2.6	2	['2015.1.01388.sewilo/B3_uid___A001_X2df_X122_13CO10/TM_X124/uid___A002_Xb020f7_X12a_targets_line.ms']	['31']	0.01	0.25	0.06	x			could add more from HCO+ MOUS	
N113	C18O10	2015.1.01388.S	N113	1.5	T	12	2.3	1.8	['2015.1.01388.sewilo/B3_uid___A001_X2df_X122_13CO10/TM_X124/uid___A002_Xb020f7_X12a_targets_line.ms']	['25']	0.01	0.25	0.06	x				
N113	SO3221	2015.1.01388.S	N113	1.5	T	12	2.5	2	['2015.1.01388.sewilo/B3_uid___A001_X2df_X122_13CO10/TM_X124/uid___A002_Xb020f7_X12a_targets_line.ms']	['29']	0.0025	3	2.9	x				
N113	H40a	2015.1.01388.S	N113	1.5	T	12	3	2.5	['2015.1.01388.sewilo/B3_uid___A001_X2df_X122_13CO10/TM_X124/uid___A002_Xb020f7_X12a_targets_line.ms']	['29']	0.003	3	2.9	x				
N113x	cont3mm	2015.1.01388.S	N113	1.5	T	12	2.4	1.9	['2015.1.01388.sewilo/B3_uid___A001_X2df_X122_13CO10/TM_X124/uid___A002_Xb020f7_X12a_targets.ms']	['19,29:98.0GHz~98.9GHz;99.3GHz~99.9GHz']	2.00E-04	3	2.9	x			check weather. poor clean with bowls	
N113	cont3mm	2015.1.01388.S	['N113','N113','N113']	1.5	T	12	2.4	1.9	['2015.1.01388.sewilo/B3_uid___A001_X2df_X122_13CO10/TM_X124/uid___A002_Xb020f7_X12a_targets.ms','2015.1.01388.sewilo/B3_uid___A001_X2df_X127_HCOp10/TM_X128/uid___A002_Xb1e6b5_X62f_targets.ms','2015.1.01388.sewilo/B3_uid___A001_X2df_X127_HCOp10/TM_X128/uid___A002_Xb1e6b5_Xf34_targets.ms']	['19,29:98.0GHz~98.9GHz;99.3GHz~99.9GHz','35:98.0GHz~98.9GHz;99.3GHz~99.9GHz','35:98.0GHz~98.9GHz;99.3GHz~99.9GHz']	2.00E-04	3	2.9	x			CM07 has high phase rms and phase outliers in 13CO dataset	
N113b	13CO10	2015.1.01388.S,2015.1.00196.S	['N113','LMC2N113','LMC2N113','LMC2N113','LMC2N113','LMC2N113','LMC2N113','LMC2N113','LMC2N113']	1.5	T	12p7	3	2.5	['2015.1.01388.sewilo/B3_uid___A001_X2df_X122_13CO10/TM_X124/uid___A002_Xb020f7_X12a_targets_line.ms','2015.1.00196.duval/B3_uid___A001_X33e_Xf1_lmc_13CO10/7M_Xf5/uid___A002_Xb25e1a_X10462_targets_line.ms/','2015.1.00196.duval/B3_uid___A001_X33e_Xf1_lmc_13CO10/7M_Xf5/uid___A002_Xb28642_X6fe_targets_line.ms/','2015.1.00196.duval/B3_uid___A001_X33e_Xf1_lmc_13CO10/7M_Xf5/uid___A002_Xb28642_X7852_targets_line.ms/','2015.1.00196.duval/B3_uid___A001_X33e_Xf1_lmc_13CO10/7M_Xf5/uid___A002_Xb41687_X623a_targets_line.ms/','2015.1.00196.duval/B3_uid___A001_X33e_Xf1_lmc_13CO10/7M_Xf5/uid___A002_Xb41687_X6b8d_targets_line.ms/','2015.1.00196.duval/B3_uid___A001_X33e_Xf1_lmc_13CO10/7M_Xf5/uid___A002_Xb4264b_X4a72_targets_line.ms/','2015.1.00196.duval/B3_uid___A001_X33e_Xf1_lmc_13CO10/7M_Xf5/uid___A002_Xb4264b_X5504_targets_line.ms/','2015.1.00196.duval/B3_uid___A001_X33e_Xf1_lmc_13CO10/7M_Xf5/uid___A002_Xb4264b_X5f3d_targets_line.ms/']	['27','16','16','16','16','16','16','16','16']	0.01	0.4	0.36	"2015.1.00196.duval/B3_uid___A001_X33e_Xf1_lmc_13CO10/TP_N113_Xa5/LMC2N113.spw17.I.sd.canon"			flux lower ? in a few chans test anyway	
N113	12CO10	2015.1.00196.S	LMC2N113	1.5	T	12p7	2.2	1.7	['2015.1.00196.duval/B3_uid___A001_X33e_X105_lmc_12CO10/TM_X107/uid___A002_Xb0ebd1_X5a24_targets_line.ms/','2015.1.00196.duval/B3_uid___A001_X33e_X105_lmc_12CO10/7M_X109/uid___A002_Xb7f042_Xa129_targets_line.ms/','2015.1.00196.duval/B3_uid___A001_X33e_X105_lmc_12CO10/7M_X109/uid___A002_Xb80c59_X3c05_targets_line.ms/']	['22','15','15']	0.02	0.25	0.06	"2015.1.00196.duval/B3_uid___A001_X33e_X105_lmc_12CO10/TP_N113_Xad/member.uid___A001_X340_Xad.LMC2N113.spw16.I.sd.hann.canon.trim"			clean deeper if possible	
N113	13CO21	2015.1.01388.S	N113	2	T	12p7	1.2	0.8	['2015.1.01388.sewilo/B6_uid___A001_X2df_X11c_N113_CO21/TM_N113_CO21_X11e/2015.1.01388.S_2022_06_17T14_26_48.287/uid___A002_Xb05734_X1cb_line.ms/','2015.1.01388.sewilo/B6_uid___A001_X2df_X11c_N113_CO21/TM_N113_CO21_X11e/2015.1.01388.S_2022_06_17T14_26_48.287/uid___A002_Xb4655b_X21dd_line.ms/','2015.1.01388.sewilo/B6_uid___A001_X2df_X11c_N113_CO21/7M_N113_CO21_X120/2015.1.01388.S_2025_04_14T15_34_16.025/N113_X120_13CO21.ms/']	['31','31','']		0.25	0.06	"apex_N113/LMC-N113_13CO21_9x9.hdr.fits"	"2015.1.00196.duval/B6_uid___A001_X33e_Xdd_lmc_CO21/TP_N113_X9d/LMC2N113.spw21.I.sd.canon"		feather duval tp	
N113	12CO21	2015.1.01388.S	N113	2	T	12p7	1.1	0.7	['2015.1.01388.sewilo/B6_uid___A001_X2df_X11c_N113_CO21/TM_N113_CO21_X11e/2015.1.01388.S_2022_06_17T14_26_48.287/uid___A002_Xb05734_X1cb_line.ms/','2015.1.01388.sewilo/B6_uid___A001_X2df_X11c_N113_CO21/TM_N113_CO21_X11e/2015.1.01388.S_2022_06_17T14_26_48.287/uid___A002_Xb4655b_X21dd_line.ms/','2015.1.01388.sewilo/B6_uid___A001_X2df_X11c_N113_CO21/7M_N113_CO21_X120/2015.1.01388.S_2025_04_14T15_34_16.025/N113_X120_12CO21.ms/']	['25','25','']	0.01	0.25	0.06	"apex_N113/LMC-N113_CO21_9x9.hdr.fits"	"2015.1.00196.duval/B6_uid___A001_X33e_Xdd_lmc_CO21/TP_N113_X9d/LMC2N113.spw17.I.sd.canon"		Overcleaned, increase threshold + don't clean on edges + change velocity width to 215 to 260	
N113	C18O21	2015.1.01388.S	N113	2	T	12p7	1.2	0.8	['2015.1.01388.sewilo/B6_uid___A001_X2df_X11c_N113_CO21/TM_N113_CO21_X11e/2015.1.01388.S_2022_06_17T14_26_48.287/uid___A002_Xb05734_X1cb_line.ms/','2015.1.01388.sewilo/B6_uid___A001_X2df_X11c_N113_CO21/TM_N113_CO21_X11e/2015.1.01388.S_2022_06_17T14_26_48.287/uid___A002_Xb4655b_X21dd_line.ms/','2015.1.01388.sewilo/B6_uid___A001_X2df_X11c_N113_CO21/7M_N113_CO21_X120/2015.1.01388.S_2025_04_14T15_34_16.025/N113_X120_C18O21.ms/']	['29','29','']	0.01	0.25	0.06	x	"2015.1.00196.duval/B6_uid___A001_X33e_Xdd_lmc_CO21/TP_N113_X9d/LMC2N113.spw23.I.sd.canon"			
N113	H30a	2015.1.01388.S	N113	2	T	12p7	1.1	0.7	['2015.1.01388.sewilo/B6_uid___A001_X2df_X11c_N113_CO21/TM_N113_CO21_X11e/2015.1.01388.S_2022_06_17T14_26_48.287/uid___A002_Xb05734_X1cb_line.ms/','2015.1.01388.sewilo/B6_uid___A001_X2df_X11c_N113_CO21/TM_N113_CO21_X11e/2015.1.01388.S_2022_06_17T14_26_48.287/uid___A002_Xb4655b_X21dd_line.ms/','2015.1.01388.sewilo/B6_uid___A001_X2df_X11c_N113_CO21/7M_N113_CO21_X120/2015.1.01388.S_2025_04_14T15_34_16.025/N113_X120_H30a.ms/']	['27','27','']	0.002	3	2.5	x				
N113	cont1mm	2015.1.01388.S	N113	2	T	12p7	1.2	0.7	['2015.1.01388.sewilo/B6_uid___A001_X2df_X11c_N113_CO21/TM_N113_CO21_X11e/2015.1.01388.S_2022_06_17T14_26_48.287/uid___A002_Xb05734_X1cb_cont.ms/','2015.1.01388.sewilo/B6_uid___A001_X2df_X11c_N113_CO21/TM_N113_CO21_X11e/2015.1.01388.S_2022_06_17T14_26_48.287/uid___A002_Xb4655b_X21dd_cont.ms/','2015.1.01388.sewilo/B6_uid___A001_X2df_X11c_N113_CO21/7M_N113_CO21_X120/2015.1.01388.S_2025_04_14T15_34_16.025/N113_X120_cont.ms/']	["27:230.75GHz~231GHz;231.1GHz~231.65GHz;231.8GHz~232.7GHz,33:216GHz~216.85GHz;217.1GHz~217.9GHz","27:230.75GHz~231GHz;231.1GHz~231.65GHz;231.8GHz~232.7GHz,33:216GHz~216.85GHz;217.1GHz~217.9GHz",""]	2.00E-04	3	2.5	x			check weather, but looks overcleaned with bowls	
N113t	cont1mm	2015.1.01388.S	N113	2	T	12	1.2	0.7	['2015.1.01388.sewilo/B6_uid___A001_X2df_X11c_N113_CO21/TM_N113_CO21_X11e/2015.1.01388.S_2022_06_17T14_26_48.287/uid___A002_Xb05734_X1cb_cont.ms/','2015.1.01388.sewilo/B6_uid___A001_X2df_X11c_N113_CO21/TM_N113_CO21_X11e/2015.1.01388.S_2022_06_17T14_26_48.287/uid___A002_Xb4655b_X21dd_cont.ms/']	["27:230.75GHz~231GHz;231.1GHz~231.65GHz;231.8GHz~232.7GHz,33:216GHz~216.85GHz;217.1GHz~217.9GHz","27:230.75GHz~231GHz;231.1GHz~231.65GHz;231.8GHz~232.7GHz,33:216GHz~216.85GHz;217.1GHz~217.9GHz"]	2.00E-04	3	2.5	x			check weather, but looks overcleaned with bowls	
N113	HCOp10	2015.1.01388.S	N113	1.5	T	12p7	3	2.5	['2015.1.01388.sewilo/B3_uid___A001_X2df_X127_HCOp10/TM_X128/uid___A002_Xb1e6b5_X62f_target.ms/','2015.1.01388.sewilo/B3_uid___A001_X2df_X127_HCOp10/TM_X128/uid___A002_Xb1e6b5_Xf34_target.ms/']	['31','31']	5.00E-03	0.25	0.21	"2022.1.00519.green/science_goal.uid___A001_X2d1f_X6d6/group.uid___A001_X2d1f_X6d7/member.uid___A001_X2d1f_X6dc/product/member.uid___A001_X2d1f_X6dc.N113_sci.spw27.cube.I.sd.canon/"				
N113x	HCN10	2015.1.01388.S	N113	1.5	T	12	2.9	2.1	['2015.1.01388.sewilo/B3_uid___A001_X2df_X127_HCOp10/TM_X128/uid___A002_Xb1e6b5_X62f_target.ms/']	['29']	5.00E-03	0.25	0.21	x				
N113	HCN10	2015.1.01388.S	N113	1.5	T	12p7	2.9	2.1	['2015.1.01388.sewilo/B3_uid___A001_X2df_X127_HCOp10/TM_X128/uid___A002_Xb1e6b5_X62f_target.ms/','2015.1.01388.sewilo/B3_uid___A001_X2df_X127_HCOp10/TM_X128/uid___A002_Xb1e6b5_Xf34_target.ms/']	['29','29']	5.00E-03	0.25	0.21	"2022.1.00519.green/science_goal.uid___A001_X2d1f_X6d6/group.uid___A001_X2d1f_X6d7/member.uid___A001_X2d1f_X6dc/product/member.uid___A001_X2d1f_X6dc.N113_sci.spw25.cube.I.sd.canon/"				
																		
N127tp	13CO10	2015.1.00196,2016.1.00063,2017.1.00093	['LMC1N127','LMC1N127','LMC1N127','LMC1N127','LMC1N127','LMC1N127','LMC1N127','LMC1N127','LMC1N127','LMC1N127','LMC1N127','YSO35','YSO35','YSO35','YSO35','YSO35','YSO35','YSO35','YSO35','YSO35']	1.5	T	12p7	2.3	1.8	['2015.1.00196.duval/B3_uid___A001_X33e_Xf1_lmc_13CO10/TM_Xf3/uid___A002_Xb0ebd1_X5426_targets_line.ms','2015.1.00196.duval/B3_uid___A001_X33e_Xf1_lmc_13CO10/TM_Xf3/uid___A002_Xb0ebd1_Xa148_targets_line.ms','2015.1.00196.duval/B3_uid___A001_X33e_Xf1_lmc_13CO10/7M_Xf5/uid___A002_Xb25e1a_X10462_targets_line.ms/','2015.1.00196.duval/B3_uid___A001_X33e_Xf1_lmc_13CO10/7M_Xf5/uid___A002_Xb28642_X6fe_targets_line.ms/','2015.1.00196.duval/B3_uid___A001_X33e_Xf1_lmc_13CO10/7M_Xf5/uid___A002_Xb28642_X7852_targets_line.ms/','2015.1.00196.duval/B3_uid___A001_X33e_Xf1_lmc_13CO10/7M_Xf5/uid___A002_Xb41687_X623a_targets_line.ms/','2015.1.00196.duval/B3_uid___A001_X33e_Xf1_lmc_13CO10/7M_Xf5/uid___A002_Xb41687_X6b8d_targets_line.ms/','2015.1.00196.duval/B3_uid___A001_X33e_Xf1_lmc_13CO10/7M_Xf5/uid___A002_Xb4264b_X4a72_targets_line.ms/','2015.1.00196.duval/B3_uid___A001_X33e_Xf1_lmc_13CO10/7M_Xf5/uid___A002_Xb4264b_X5504_targets_line.ms/','2015.1.00196.duval/B3_uid___A001_X33e_Xf1_lmc_13CO10/7M_Xf5/uid___A002_Xb4264b_X5f3d_targets_line.ms/','2016.1.00063.duval/B3_uid___A001_X879_X6e5_lmc_13CO10/7M_X6e7/uid___A002_Xb8f857_X3977_targets_line.ms/','2017.1.00093.onishi/B3_uid___A001_X1284_X1d43_13CO10/7M_X1d47/uid___A002_Xc8d560_Xa994_targets_line.ms','2017.1.00093.onishi/B3_uid___A001_X1284_X1d43_13CO10/7M_X1d47/uid___A002_Xc8ed16_X88da_targets_line.ms','2017.1.00093.onishi/B3_uid___A001_X1284_X1d43_13CO10/7M_X1d47/uid___A002_Xc8d560_X9c47_targets_line.ms','2017.1.00093.onishi/B3_uid___A001_X1284_X1d43_13CO10/7M_X1d47/uid___A002_Xc8ed16_Xb52_targets_line.ms','2017.1.00093.onishi/B3_uid___A001_X1284_X1d43_13CO10/7M_X1d47/uid___A002_Xc8b2b0_Xdc1_targets_line.ms','2017.1.00093.onishi/B3_uid___A001_X1284_X1d43_13CO10/7M_X1d47/uid___A002_Xc86fe5_Xa8ea_targets_line.ms','2017.1.00093.onishi/B3_uid___A001_X1284_X1d43_13CO10/7M_X1d47/uid___A002_Xc8ed16_X967c_targets_line.ms','2017.1.00093.onishi/B3_uid___A001_X1284_X1d43_13CO10/TM_X1d45/uid___A002_Xcb7a9d_X66d_targets_line.ms','2017.1.00093.onishi/B3_uid___A001_X1284_X1d43_13CO10/TM_X1d45/uid___A002_Xcb8a93_X1b2_targets_line.ms']	['25','25','16','16','16','16','16','16','16','16','16','18','18','18','18','18','18','18','27','27']	0.006	0.4	0.33	"2015.1.00196.duval/B3_uid___A001_X33e_Xf1_lmc_13CO10/TP_N127_Xa3/LMC1N127.spw17.I.sd.im/"				
N127tp	CS21	2015.1.00196,2016.1.00063,2017.1.00093	['LMC1N127','LMC1N127','LMC1N127','LMC1N127','LMC1N127','LMC1N127','LMC1N127','LMC1N127','LMC1N127','LMC1N127','LMC1N127','YSO35','YSO35','YSO35','YSO35','YSO35','YSO35','YSO35','YSO35','YSO35']	1.5	T	12p7	2.5	2	['2015.1.00196.duval/B3_uid___A001_X33e_Xf1_lmc_13CO10/TM_Xf3/uid___A002_Xb0ebd1_X5426_targets_line.ms','2015.1.00196.duval/B3_uid___A001_X33e_Xf1_lmc_13CO10/TM_Xf3/uid___A002_Xb0ebd1_Xa148_targets_line.ms','2015.1.00196.duval/B3_uid___A001_X33e_Xf1_lmc_13CO10/7M_Xf5/uid___A002_Xb25e1a_X10462_targets_line.ms/','2015.1.00196.duval/B3_uid___A001_X33e_Xf1_lmc_13CO10/7M_Xf5/uid___A002_Xb28642_X6fe_targets_line.ms/','2015.1.00196.duval/B3_uid___A001_X33e_Xf1_lmc_13CO10/7M_Xf5/uid___A002_Xb28642_X7852_targets_line.ms/','2015.1.00196.duval/B3_uid___A001_X33e_Xf1_lmc_13CO10/7M_Xf5/uid___A002_Xb41687_X623a_targets_line.ms/','2015.1.00196.duval/B3_uid___A001_X33e_Xf1_lmc_13CO10/7M_Xf5/uid___A002_Xb41687_X6b8d_targets_line.ms/','2015.1.00196.duval/B3_uid___A001_X33e_Xf1_lmc_13CO10/7M_Xf5/uid___A002_Xb4264b_X4a72_targets_line.ms/','2015.1.00196.duval/B3_uid___A001_X33e_Xf1_lmc_13CO10/7M_Xf5/uid___A002_Xb4264b_X5504_targets_line.ms/','2015.1.00196.duval/B3_uid___A001_X33e_Xf1_lmc_13CO10/7M_Xf5/uid___A002_Xb4264b_X5f3d_targets_line.ms/','2016.1.00063.duval/B3_uid___A001_X879_X6e5_lmc_13CO10/7M_X6e7/uid___A002_Xb8f857_X3977_targets_line.ms/','2017.1.00093.onishi/B3_uid___A001_X1284_X1d43_13CO10/7M_X1d47/uid___A002_Xc8d560_Xa994_targets_line.ms','2017.1.00093.onishi/B3_uid___A001_X1284_X1d43_13CO10/7M_X1d47/uid___A002_Xc8ed16_X88da_targets_line.ms','2017.1.00093.onishi/B3_uid___A001_X1284_X1d43_13CO10/7M_X1d47/uid___A002_Xc8d560_X9c47_targets_line.ms','2017.1.00093.onishi/B3_uid___A001_X1284_X1d43_13CO10/7M_X1d47/uid___A002_Xc8ed16_Xb52_targets_line.ms','2017.1.00093.onishi/B3_uid___A001_X1284_X1d43_13CO10/7M_X1d47/uid___A002_Xc8b2b0_Xdc1_targets_line.ms','2017.1.00093.onishi/B3_uid___A001_X1284_X1d43_13CO10/7M_X1d47/uid___A002_Xc86fe5_Xa8ea_targets_line.ms','2017.1.00093.onishi/B3_uid___A001_X1284_X1d43_13CO10/7M_X1d47/uid___A002_Xc8ed16_X967c_targets_line.ms','2017.1.00093.onishi/B3_uid___A001_X1284_X1d43_13CO10/TM_X1d45/uid___A002_Xcb7a9d_X66d_targets_line.ms','2017.1.00093.onishi/B3_uid___A001_X1284_X1d43_13CO10/TM_X1d45/uid___A002_Xcb8a93_X1b2_targets_line.ms']	['29','29','20','20','20','20','20','20','20','20','20','22','22','22','22','22','22','22','29','29']	0.006	0.4	0.33	"2015.1.00196.duval/B3_uid___A001_X33e_Xf1_lmc_13CO10/TP_N127_Xa3/LMC1N127.spw21.I.sd.im/"				
N127tp	C18O10	2015.1.00196,2016.1.00063,2017.1.00093	['LMC1N127','LMC1N127','LMC1N127','LMC1N127','LMC1N127','LMC1N127','LMC1N127','LMC1N127','LMC1N127','LMC1N127','LMC1N127','YSO35','YSO35','YSO35','YSO35','YSO35','YSO35','YSO35','YSO35','YSO35']	1.5	T	12p7	2.3	1.8	['2015.1.00196.duval/B3_uid___A001_X33e_Xf1_lmc_13CO10/TM_Xf3/uid___A002_Xb0ebd1_X5426_targets_line.ms','2015.1.00196.duval/B3_uid___A001_X33e_Xf1_lmc_13CO10/TM_Xf3/uid___A002_Xb0ebd1_Xa148_targets_line.ms','2015.1.00196.duval/B3_uid___A001_X33e_Xf1_lmc_13CO10/7M_Xf5/uid___A002_Xb25e1a_X10462_targets_line.ms/','2015.1.00196.duval/B3_uid___A001_X33e_Xf1_lmc_13CO10/7M_Xf5/uid___A002_Xb28642_X6fe_targets_line.ms/','2015.1.00196.duval/B3_uid___A001_X33e_Xf1_lmc_13CO10/7M_Xf5/uid___A002_Xb28642_X7852_targets_line.ms/','2015.1.00196.duval/B3_uid___A001_X33e_Xf1_lmc_13CO10/7M_Xf5/uid___A002_Xb41687_X623a_targets_line.ms/','2015.1.00196.duval/B3_uid___A001_X33e_Xf1_lmc_13CO10/7M_Xf5/uid___A002_Xb41687_X6b8d_targets_line.ms/','2015.1.00196.duval/B3_uid___A001_X33e_Xf1_lmc_13CO10/7M_Xf5/uid___A002_Xb4264b_X4a72_targets_line.ms/','2015.1.00196.duval/B3_uid___A001_X33e_Xf1_lmc_13CO10/7M_Xf5/uid___A002_Xb4264b_X5504_targets_line.ms/','2015.1.00196.duval/B3_uid___A001_X33e_Xf1_lmc_13CO10/7M_Xf5/uid___A002_Xb4264b_X5f3d_targets_line.ms/','2016.1.00063.duval/B3_uid___A001_X879_X6e5_lmc_13CO10/7M_X6e7/uid___A002_Xb8f857_X3977_targets_line.ms/','2017.1.00093.onishi/B3_uid___A001_X1284_X1d43_13CO10/7M_X1d47/uid___A002_Xc8d560_Xa994_targets_line.ms','2017.1.00093.onishi/B3_uid___A001_X1284_X1d43_13CO10/7M_X1d47/uid___A002_Xc8ed16_X88da_targets_line.ms','2017.1.00093.onishi/B3_uid___A001_X1284_X1d43_13CO10/7M_X1d47/uid___A002_Xc8d560_X9c47_targets_line.ms','2017.1.00093.onishi/B3_uid___A001_X1284_X1d43_13CO10/7M_X1d47/uid___A002_Xc8ed16_Xb52_targets_line.ms','2017.1.00093.onishi/B3_uid___A001_X1284_X1d43_13CO10/7M_X1d47/uid___A002_Xc8b2b0_Xdc1_targets_line.ms','2017.1.00093.onishi/B3_uid___A001_X1284_X1d43_13CO10/7M_X1d47/uid___A002_Xc86fe5_Xa8ea_targets_line.ms','2017.1.00093.onishi/B3_uid___A001_X1284_X1d43_13CO10/7M_X1d47/uid___A002_Xc8ed16_X967c_targets_line.ms','2017.1.00093.onishi/B3_uid___A001_X1284_X1d43_13CO10/TM_X1d45/uid___A002_Xcb7a9d_X66d_targets_line.ms','2017.1.00093.onishi/B3_uid___A001_X1284_X1d43_13CO10/TM_X1d45/uid___A002_Xcb8a93_X1b2_targets_line.ms']	['27','27','18','18','18','18','18','18','18','18','18','16','16','16','16','16','16','16','25','25']	0.01	0.4	0.33	"2015.1.00196.duval/B3_uid___A001_X33e_Xf1_lmc_13CO10/TP_N127_Xa3/LMC1N127.spw19.I.sd.im/"			overcleaned	
N127	13CO10	2015.1.00196,2016.1.00063,2017.1.00093	['LMC1N127','LMC1N127','LMC1N127','LMC1N127','LMC1N127','LMC1N127','LMC1N127','LMC1N127','LMC1N127','LMC1N127','LMC1N127','YSO35','YSO35','YSO35','YSO35','YSO35','YSO35','YSO35','YSO35','YSO35']	1.5	T	12p7	2.4	1.8	['2015.1.00196.duval/B3_uid___A001_X33e_Xf1_lmc_13CO10/TM_Xf3/uid___A002_Xb0ebd1_X5426_targets_line.ms','2015.1.00196.duval/B3_uid___A001_X33e_Xf1_lmc_13CO10/TM_Xf3/uid___A002_Xb0ebd1_Xa148_targets_line.ms','2015.1.00196.duval/B3_uid___A001_X33e_Xf1_lmc_13CO10/7M_Xf5/uid___A002_Xb25e1a_X10462_targets_line.ms/','2015.1.00196.duval/B3_uid___A001_X33e_Xf1_lmc_13CO10/7M_Xf5/uid___A002_Xb28642_X6fe_targets_line.ms/','2015.1.00196.duval/B3_uid___A001_X33e_Xf1_lmc_13CO10/7M_Xf5/uid___A002_Xb28642_X7852_targets_line.ms/','2015.1.00196.duval/B3_uid___A001_X33e_Xf1_lmc_13CO10/7M_Xf5/uid___A002_Xb41687_X623a_targets_line.ms/','2015.1.00196.duval/B3_uid___A001_X33e_Xf1_lmc_13CO10/7M_Xf5/uid___A002_Xb41687_X6b8d_targets_line.ms/','2015.1.00196.duval/B3_uid___A001_X33e_Xf1_lmc_13CO10/7M_Xf5/uid___A002_Xb4264b_X4a72_targets_line.ms/','2015.1.00196.duval/B3_uid___A001_X33e_Xf1_lmc_13CO10/7M_Xf5/uid___A002_Xb4264b_X5504_targets_line.ms/','2015.1.00196.duval/B3_uid___A001_X33e_Xf1_lmc_13CO10/7M_Xf5/uid___A002_Xb4264b_X5f3d_targets_line.ms/','2016.1.00063.duval/B3_uid___A001_X879_X6e5_lmc_13CO10/7M_X6e7/uid___A002_Xb8f857_X3977_targets_line.ms/','2017.1.00093.onishi/B3_uid___A001_X1284_X1d43_13CO10/7M_X1d47/uid___A002_Xc8d560_Xa994_targets_line.ms','2017.1.00093.onishi/B3_uid___A001_X1284_X1d43_13CO10/7M_X1d47/uid___A002_Xc8ed16_X88da_targets_line.ms','2017.1.00093.onishi/B3_uid___A001_X1284_X1d43_13CO10/7M_X1d47/uid___A002_Xc8d560_X9c47_targets_line.ms','2017.1.00093.onishi/B3_uid___A001_X1284_X1d43_13CO10/7M_X1d47/uid___A002_Xc8ed16_Xb52_targets_line.ms','2017.1.00093.onishi/B3_uid___A001_X1284_X1d43_13CO10/7M_X1d47/uid___A002_Xc8b2b0_Xdc1_targets_line.ms','2017.1.00093.onishi/B3_uid___A001_X1284_X1d43_13CO10/7M_X1d47/uid___A002_Xc86fe5_Xa8ea_targets_line.ms','2017.1.00093.onishi/B3_uid___A001_X1284_X1d43_13CO10/7M_X1d47/uid___A002_Xc8ed16_X967c_targets_line.ms','2017.1.00093.onishi/B3_uid___A001_X1284_X1d43_13CO10/TM_X1d45/uid___A002_Xcb7a9d_X66d_targets_line.ms','2017.1.00093.onishi/B3_uid___A001_X1284_X1d43_13CO10/TM_X1d45/uid___A002_Xcb8a93_X1b2_targets_line.ms']	['25','25','16','16','16','16','16','16','16','16','16','18','18','18','18','18','18','18','27','27']	0.006	0.4	0.33	x				
N127	CS21	2015.1.00196,2016.1.00063,2017.1.00093	['LMC1N127','LMC1N127','LMC1N127','LMC1N127','LMC1N127','LMC1N127','LMC1N127','LMC1N127','LMC1N127','LMC1N127','LMC1N127','YSO35','YSO35','YSO35','YSO35','YSO35','YSO35','YSO35','YSO35','YSO35']	1.5	T	12p7	2.3	2	['2015.1.00196.duval/B3_uid___A001_X33e_Xf1_lmc_13CO10/TM_Xf3/uid___A002_Xb0ebd1_X5426_targets_line.ms','2015.1.00196.duval/B3_uid___A001_X33e_Xf1_lmc_13CO10/TM_Xf3/uid___A002_Xb0ebd1_Xa148_targets_line.ms','2015.1.00196.duval/B3_uid___A001_X33e_Xf1_lmc_13CO10/7M_Xf5/uid___A002_Xb25e1a_X10462_targets_line.ms/','2015.1.00196.duval/B3_uid___A001_X33e_Xf1_lmc_13CO10/7M_Xf5/uid___A002_Xb28642_X6fe_targets_line.ms/','2015.1.00196.duval/B3_uid___A001_X33e_Xf1_lmc_13CO10/7M_Xf5/uid___A002_Xb28642_X7852_targets_line.ms/','2015.1.00196.duval/B3_uid___A001_X33e_Xf1_lmc_13CO10/7M_Xf5/uid___A002_Xb41687_X623a_targets_line.ms/','2015.1.00196.duval/B3_uid___A001_X33e_Xf1_lmc_13CO10/7M_Xf5/uid___A002_Xb41687_X6b8d_targets_line.ms/','2015.1.00196.duval/B3_uid___A001_X33e_Xf1_lmc_13CO10/7M_Xf5/uid___A002_Xb4264b_X4a72_targets_line.ms/','2015.1.00196.duval/B3_uid___A001_X33e_Xf1_lmc_13CO10/7M_Xf5/uid___A002_Xb4264b_X5504_targets_line.ms/','2015.1.00196.duval/B3_uid___A001_X33e_Xf1_lmc_13CO10/7M_Xf5/uid___A002_Xb4264b_X5f3d_targets_line.ms/','2016.1.00063.duval/B3_uid___A001_X879_X6e5_lmc_13CO10/7M_X6e7/uid___A002_Xb8f857_X3977_targets_line.ms/','2017.1.00093.onishi/B3_uid___A001_X1284_X1d43_13CO10/7M_X1d47/uid___A002_Xc8d560_Xa994_targets_line.ms','2017.1.00093.onishi/B3_uid___A001_X1284_X1d43_13CO10/7M_X1d47/uid___A002_Xc8ed16_X88da_targets_line.ms','2017.1.00093.onishi/B3_uid___A001_X1284_X1d43_13CO10/7M_X1d47/uid___A002_Xc8d560_X9c47_targets_line.ms','2017.1.00093.onishi/B3_uid___A001_X1284_X1d43_13CO10/7M_X1d47/uid___A002_Xc8ed16_Xb52_targets_line.ms','2017.1.00093.onishi/B3_uid___A001_X1284_X1d43_13CO10/7M_X1d47/uid___A002_Xc8b2b0_Xdc1_targets_line.ms','2017.1.00093.onishi/B3_uid___A001_X1284_X1d43_13CO10/7M_X1d47/uid___A002_Xc86fe5_Xa8ea_targets_line.ms','2017.1.00093.onishi/B3_uid___A001_X1284_X1d43_13CO10/7M_X1d47/uid___A002_Xc8ed16_X967c_targets_line.ms','2017.1.00093.onishi/B3_uid___A001_X1284_X1d43_13CO10/TM_X1d45/uid___A002_Xcb7a9d_X66d_targets_line.ms','2017.1.00093.onishi/B3_uid___A001_X1284_X1d43_13CO10/TM_X1d45/uid___A002_Xcb8a93_X1b2_targets_line.ms']	['29','29','20','20','20','20','20','20','20','20','20','22','22','22','22','22','22','22','29','29']	0.006	0.4	0.33	x				
N127	C18O10	2015.1.00196,2016.1.00063,2017.1.00093	['LMC1N127','LMC1N127','LMC1N127','LMC1N127','LMC1N127','LMC1N127','LMC1N127','LMC1N127','LMC1N127','LMC1N127','LMC1N127','YSO35','YSO35','YSO35','YSO35','YSO35','YSO35','YSO35','YSO35','YSO35']	1.5	T	12p7	2.3	1.8	['2015.1.00196.duval/B3_uid___A001_X33e_Xf1_lmc_13CO10/TM_Xf3/uid___A002_Xb0ebd1_X5426_targets_line.ms','2015.1.00196.duval/B3_uid___A001_X33e_Xf1_lmc_13CO10/TM_Xf3/uid___A002_Xb0ebd1_Xa148_targets_line.ms','2015.1.00196.duval/B3_uid___A001_X33e_Xf1_lmc_13CO10/7M_Xf5/uid___A002_Xb25e1a_X10462_targets_line.ms/','2015.1.00196.duval/B3_uid___A001_X33e_Xf1_lmc_13CO10/7M_Xf5/uid___A002_Xb28642_X6fe_targets_line.ms/','2015.1.00196.duval/B3_uid___A001_X33e_Xf1_lmc_13CO10/7M_Xf5/uid___A002_Xb28642_X7852_targets_line.ms/','2015.1.00196.duval/B3_uid___A001_X33e_Xf1_lmc_13CO10/7M_Xf5/uid___A002_Xb41687_X623a_targets_line.ms/','2015.1.00196.duval/B3_uid___A001_X33e_Xf1_lmc_13CO10/7M_Xf5/uid___A002_Xb41687_X6b8d_targets_line.ms/','2015.1.00196.duval/B3_uid___A001_X33e_Xf1_lmc_13CO10/7M_Xf5/uid___A002_Xb4264b_X4a72_targets_line.ms/','2015.1.00196.duval/B3_uid___A001_X33e_Xf1_lmc_13CO10/7M_Xf5/uid___A002_Xb4264b_X5504_targets_line.ms/','2015.1.00196.duval/B3_uid___A001_X33e_Xf1_lmc_13CO10/7M_Xf5/uid___A002_Xb4264b_X5f3d_targets_line.ms/','2016.1.00063.duval/B3_uid___A001_X879_X6e5_lmc_13CO10/7M_X6e7/uid___A002_Xb8f857_X3977_targets_line.ms/','2017.1.00093.onishi/B3_uid___A001_X1284_X1d43_13CO10/7M_X1d47/uid___A002_Xc8d560_Xa994_targets_line.ms','2017.1.00093.onishi/B3_uid___A001_X1284_X1d43_13CO10/7M_X1d47/uid___A002_Xc8ed16_X88da_targets_line.ms','2017.1.00093.onishi/B3_uid___A001_X1284_X1d43_13CO10/7M_X1d47/uid___A002_Xc8d560_X9c47_targets_line.ms','2017.1.00093.onishi/B3_uid___A001_X1284_X1d43_13CO10/7M_X1d47/uid___A002_Xc8ed16_Xb52_targets_line.ms','2017.1.00093.onishi/B3_uid___A001_X1284_X1d43_13CO10/7M_X1d47/uid___A002_Xc8b2b0_Xdc1_targets_line.ms','2017.1.00093.onishi/B3_uid___A001_X1284_X1d43_13CO10/7M_X1d47/uid___A002_Xc86fe5_Xa8ea_targets_line.ms','2017.1.00093.onishi/B3_uid___A001_X1284_X1d43_13CO10/7M_X1d47/uid___A002_Xc8ed16_X967c_targets_line.ms','2017.1.00093.onishi/B3_uid___A001_X1284_X1d43_13CO10/TM_X1d45/uid___A002_Xcb7a9d_X66d_targets_line.ms','2017.1.00093.onishi/B3_uid___A001_X1284_X1d43_13CO10/TM_X1d45/uid___A002_Xcb8a93_X1b2_targets_line.ms']	['27','27','18','18','18','18','18','18','18','18','18','16','16','16','16','16','16','16','25','25']	0.01	0.4	0.33	x			overcleaned	
N127	SO3221	2016.1.00063,2017.1.00093	['YSO35','YSO35','YSO35','YSO35','YSO35','YSO35','YSO35','YSO35','YSO35']	1.5	T	12p7	2.6	1.9	['2017.1.00093.onishi/B3_uid___A001_X1284_X1d43_13CO10/7M_X1d47/uid___A002_Xc8d560_Xa994_targets_line.ms','2017.1.00093.onishi/B3_uid___A001_X1284_X1d43_13CO10/7M_X1d47/uid___A002_Xc8ed16_X88da_targets_line.ms','2017.1.00093.onishi/B3_uid___A001_X1284_X1d43_13CO10/7M_X1d47/uid___A002_Xc8d560_X9c47_targets_line.ms','2017.1.00093.onishi/B3_uid___A001_X1284_X1d43_13CO10/7M_X1d47/uid___A002_Xc8ed16_Xb52_targets_line.ms','2017.1.00093.onishi/B3_uid___A001_X1284_X1d43_13CO10/7M_X1d47/uid___A002_Xc8b2b0_Xdc1_targets_line.ms','2017.1.00093.onishi/B3_uid___A001_X1284_X1d43_13CO10/7M_X1d47/uid___A002_Xc86fe5_Xa8ea_targets_line.ms','2017.1.00093.onishi/B3_uid___A001_X1284_X1d43_13CO10/7M_X1d47/uid___A002_Xc8ed16_X967c_targets_line.ms','2017.1.00093.onishi/B3_uid___A001_X1284_X1d43_13CO10/TM_X1d45/uid___A002_Xcb7a9d_X66d_targets_line.ms','2017.1.00093.onishi/B3_uid___A001_X1284_X1d43_13CO10/TM_X1d45/uid___A002_Xcb8a93_X1b2_targets_line.ms']	['24','24','24','24','24','24','24','31','31']	0.006	3	2.5	x				
N127	H40a	2016.1.00063,2017.1.00093	['YSO35','YSO35','YSO35','YSO35','YSO35','YSO35','YSO35','YSO35','YSO35']	1.5	T	12p7	2.6	1.9	['2017.1.00093.onishi/B3_uid___A001_X1284_X1d43_13CO10/7M_X1d47/uid___A002_Xc8d560_Xa994_targets_line.ms','2017.1.00093.onishi/B3_uid___A001_X1284_X1d43_13CO10/7M_X1d47/uid___A002_Xc8ed16_X88da_targets_line.ms','2017.1.00093.onishi/B3_uid___A001_X1284_X1d43_13CO10/7M_X1d47/uid___A002_Xc8d560_X9c47_targets_line.ms','2017.1.00093.onishi/B3_uid___A001_X1284_X1d43_13CO10/7M_X1d47/uid___A002_Xc8ed16_Xb52_targets_line.ms','2017.1.00093.onishi/B3_uid___A001_X1284_X1d43_13CO10/7M_X1d47/uid___A002_Xc8b2b0_Xdc1_targets_line.ms','2017.1.00093.onishi/B3_uid___A001_X1284_X1d43_13CO10/7M_X1d47/uid___A002_Xc86fe5_Xa8ea_targets_line.ms','2017.1.00093.onishi/B3_uid___A001_X1284_X1d43_13CO10/7M_X1d47/uid___A002_Xc8ed16_X967c_targets_line.ms','2017.1.00093.onishi/B3_uid___A001_X1284_X1d43_13CO10/TM_X1d45/uid___A002_Xcb7a9d_X66d_targets_line.ms','2017.1.00093.onishi/B3_uid___A001_X1284_X1d43_13CO10/TM_X1d45/uid___A002_Xcb8a93_X1b2_targets_line.ms']	['24','24','24','24','24','24','24','31','31']	0.006	3	2.5	x				
N127	cont3mm	2015.1.00196,2016.1.00063,2017.1.00093	['LMC1N127','LMC1N127','LMC1N127','LMC1N127','LMC1N127','LMC1N127','LMC1N127','LMC1N127','LMC1N127','LMC1N127','LMC1N127','YSO35','YSO35','YSO35','YSO35','YSO35','YSO35','YSO35','YSO35','YSO35']	1.5	T	12p7	2.6	2	['2015.1.00196.duval/B3_uid___A001_X33e_Xf1_lmc_13CO10/TM_Xf3/uid___A002_Xb0ebd1_X5426_targets_line.ms','2015.1.00196.duval/B3_uid___A001_X33e_Xf1_lmc_13CO10/TM_Xf3/uid___A002_Xb0ebd1_Xa148_targets_line.ms','2015.1.00196.duval/B3_uid___A001_X33e_Xf1_lmc_13CO10/7M_Xf5/uid___A002_Xb25e1a_X10462_targets_line.ms/','2015.1.00196.duval/B3_uid___A001_X33e_Xf1_lmc_13CO10/7M_Xf5/uid___A002_Xb28642_X6fe_targets_line.ms/','2015.1.00196.duval/B3_uid___A001_X33e_Xf1_lmc_13CO10/7M_Xf5/uid___A002_Xb28642_X7852_targets_line.ms/','2015.1.00196.duval/B3_uid___A001_X33e_Xf1_lmc_13CO10/7M_Xf5/uid___A002_Xb41687_X623a_targets_line.ms/','2015.1.00196.duval/B3_uid___A001_X33e_Xf1_lmc_13CO10/7M_Xf5/uid___A002_Xb41687_X6b8d_targets_line.ms/','2015.1.00196.duval/B3_uid___A001_X33e_Xf1_lmc_13CO10/7M_Xf5/uid___A002_Xb4264b_X4a72_targets_line.ms/','2015.1.00196.duval/B3_uid___A001_X33e_Xf1_lmc_13CO10/7M_Xf5/uid___A002_Xb4264b_X5504_targets_line.ms/','2015.1.00196.duval/B3_uid___A001_X33e_Xf1_lmc_13CO10/7M_Xf5/uid___A002_Xb4264b_X5f3d_targets_line.ms/','2016.1.00063.duval/B3_uid___A001_X879_X6e5_lmc_13CO10/7M_X6e7/uid___A002_Xb8f857_X3977_targets_line.ms/','2017.1.00093.onishi/B3_uid___A001_X1284_X1d43_13CO10/7M_X1d47/uid___A002_Xc8d560_Xa994_targets_line.ms','2017.1.00093.onishi/B3_uid___A001_X1284_X1d43_13CO10/7M_X1d47/uid___A002_Xc8ed16_X88da_targets_line.ms','2017.1.00093.onishi/B3_uid___A001_X1284_X1d43_13CO10/7M_X1d47/uid___A002_Xc8d560_X9c47_targets_line.ms','2017.1.00093.onishi/B3_uid___A001_X1284_X1d43_13CO10/7M_X1d47/uid___A002_Xc8ed16_Xb52_targets_line.ms','2017.1.00093.onishi/B3_uid___A001_X1284_X1d43_13CO10/7M_X1d47/uid___A002_Xc8b2b0_Xdc1_targets_line.ms','2017.1.00093.onishi/B3_uid___A001_X1284_X1d43_13CO10/7M_X1d47/uid___A002_Xc86fe5_Xa8ea_targets_line.ms','2017.1.00093.onishi/B3_uid___A001_X1284_X1d43_13CO10/7M_X1d47/uid___A002_Xc8ed16_X967c_targets_line.ms','2017.1.00093.onishi/B3_uid___A001_X1284_X1d43_13CO10/TM_X1d45/uid___A002_Xcb7a9d_X66d_targets_line.ms','2017.1.00093.onishi/B3_uid___A001_X1284_X1d43_13CO10/TM_X1d45/uid___A002_Xcb8a93_X1b2_targets_line.ms']	['23','23','22','22','22','22','22','22','22','22','22','20,24:10~850;1300~1900','20,24:10~850;1300~1900','20,24:10~850;1300~1900','20,24:10~850;1300~1900','20,24:10~850;1300~1900','20,24:10~850;1300~1900','20,24:10~850;1300~1900','19,31:10~850;1300~1900','19,31:10~850;1300~1900']	0.006	3	2.5	x				
N127	13CO21	2017.1.00681,2015.1.001962016.1.00063	LMC1N127	1.5	T	12p7	1.8	1.5	['2017.1.00681.duval/B3_uid___A001_X12a3_X82c_lmc_CO21/TM_X82e/uid___A002_Xce574d_X363c_targets_line.ms/','2015.1.00196.duval/B6_uid___A001_X33e_Xdd_lmc_CO21/TM_Xe1/uid___A002_Xb5f503_X3754_targets_line.ms/','2015.1.00196.duval/B6_uid___A001_X33e_Xdd_lmc_CO21/TM_Xe1/uid___A002_Xb62a5b_X5a8b_targets_line.ms/','2015.1.00196.duval/B6_uid___A001_X33e_Xdd_lmc_CO21/TM_Xe1/uid___A002_Xb638bc_X4565_targets_line.ms/','2016.1.00063.duval/B6_uid___A001_X879_X6d7_lmc_CO21/7M_X6db/uid___A002_Xb8e115_X40ce_targets_line.ms/','2016.1.00063.duval/B6_uid___A001_X879_X6d7_lmc_CO21/7M_X6db/uid___A002_Xb8f857_X26a3_targets_line.ms/','2016.1.00063.duval/B6_uid___A001_X879_X6d7_lmc_CO21/7M_X6db/uid___A002_Xb8f857_X2fa1_targets_line.ms/']	['27','20','20','20','20','20','20']	0.01	0.4	0.33	"2015.1.00196.duval/B6_uid___A001_X33e_Xdd_lmc_CO21/TP_N127_X9b/LMC1N127.spw21.I.sd.im"			needs larger mask	
N127	12CO21	2017.1.00681,2015.1.001962016.1.00063	LMC1N127	1.5	T	12p7	1.8	1.4	['2017.1.00681.duval/B3_uid___A001_X12a3_X82c_lmc_CO21/TM_X82e/uid___A002_Xce574d_X363c_targets_line.ms/','2015.1.00196.duval/B6_uid___A001_X33e_Xdd_lmc_CO21/TM_Xe1/uid___A002_Xb5f503_X3754_targets_line.ms/','2015.1.00196.duval/B6_uid___A001_X33e_Xdd_lmc_CO21/TM_Xe1/uid___A002_Xb62a5b_X5a8b_targets_line.ms/','2015.1.00196.duval/B6_uid___A001_X33e_Xdd_lmc_CO21/TM_Xe1/uid___A002_Xb638bc_X4565_targets_line.ms/','2016.1.00063.duval/B6_uid___A001_X879_X6d7_lmc_CO21/7M_X6db/uid___A002_Xb8e115_X40ce_targets_line.ms/','2016.1.00063.duval/B6_uid___A001_X879_X6d7_lmc_CO21/7M_X6db/uid___A002_Xb8f857_X26a3_targets_line.ms/','2016.1.00063.duval/B6_uid___A001_X879_X6d7_lmc_CO21/7M_X6db/uid___A002_Xb8f857_X2fa1_targets_line.ms/']	['25','16','16','16','16','16','16']	0.01	0.4	0.33	"2015.1.00196.duval/B6_uid___A001_X33e_Xdd_lmc_CO21/TP_N127_X9b/LMC1N127.spw17.I.sd.im"			needs larger mask	
N127	C18O21	2017.1.00681,2015.1.001962016.1.00063	LMC1N127	1.5	T	12p7	1.8	1.5	['2017.1.00681.duval/B3_uid___A001_X12a3_X82c_lmc_CO21/TM_X82e/uid___A002_Xce574d_X363c_targets_line.ms/','2015.1.00196.duval/B6_uid___A001_X33e_Xdd_lmc_CO21/TM_Xe1/uid___A002_Xb5f503_X3754_targets_line.ms/','2015.1.00196.duval/B6_uid___A001_X33e_Xdd_lmc_CO21/TM_Xe1/uid___A002_Xb62a5b_X5a8b_targets_line.ms/','2015.1.00196.duval/B6_uid___A001_X33e_Xdd_lmc_CO21/TM_Xe1/uid___A002_Xb638bc_X4565_targets_line.ms/','2016.1.00063.duval/B6_uid___A001_X879_X6d7_lmc_CO21/7M_X6db/uid___A002_Xb8e115_X40ce_targets_line.ms/','2016.1.00063.duval/B6_uid___A001_X879_X6d7_lmc_CO21/7M_X6db/uid___A002_Xb8f857_X26a3_targets_line.ms/','2016.1.00063.duval/B6_uid___A001_X879_X6d7_lmc_CO21/7M_X6db/uid___A002_Xb8f857_X2fa1_targets_line.ms/']	['29','22','22','22','22','22','22']	0.01	0.4	0.33	"2015.1.00196.duval/B6_uid___A001_X33e_Xdd_lmc_CO21/TP_N127_X9b/LMC1N127.spw23.I.sd.im"				
N127	cont1mm	2017.1.00681,2015.1.001962016.1.00063	LMC1N127	1.5	T	12p7	1.7	1.4	['2017.1.00681.duval/B3_uid___A001_X12a3_X82c_lmc_CO21/TM_X82e/uid___A002_Xce574d_X363c_targets_line.ms/','2015.1.00196.duval/B6_uid___A001_X33e_Xdd_lmc_CO21/TM_Xe1/uid___A002_Xb5f503_X3754_targets_line.ms/','2015.1.00196.duval/B6_uid___A001_X33e_Xdd_lmc_CO21/TM_Xe1/uid___A002_Xb62a5b_X5a8b_targets_line.ms/','2015.1.00196.duval/B6_uid___A001_X33e_Xdd_lmc_CO21/TM_Xe1/uid___A002_Xb638bc_X4565_targets_line.ms/','2016.1.00063.duval/B6_uid___A001_X879_X6d7_lmc_CO21/7M_X6db/uid___A002_Xb8e115_X40ce_targets_line.ms/','2016.1.00063.duval/B6_uid___A001_X879_X6d7_lmc_CO21/7M_X6db/uid___A002_Xb8f857_X26a3_targets_line.ms/','2016.1.00063.duval/B6_uid___A001_X879_X6d7_lmc_CO21/7M_X6db/uid___A002_Xb8f857_X2fa1_targets_line.ms/']	['19','18','18','18','18','18','18']	0.0003	3	2.5	x				
N127	12CO10	2015.1.00196	LMC1N127	1.5	T	12p7	2.2	1.7	['2015.1.00196.duval/B3_uid___A001_X33e_X105_lmc_12CO10/TM_X107/uid___A002_Xb0ebd1_X5a24_targets_line.ms/','2015.1.00196.duval/B3_uid___A001_X33e_X105_lmc_12CO10/7M_X109/uid___A002_Xb7f042_Xa129_targets_line.ms/','2015.1.00196.duval/B3_uid___A001_X33e_X105_lmc_12CO10/7M_X109/uid___A002_Xb80c59_X3c05_targets_line.ms/']	['22','15','15']	nsigma=1	0.4	0.37	"2015.1.00196.duval/B3_uid___A001_X33e_X105_lmc_12CO10/TP_N127_Xab/member.uid___A001_X340_Xab.LMC1N127.spw16.I.sd.im/"			needs larger mask	
																		
30Dor	13CO21	2019.1.00843	['33~36,44~48,55~59,67~71,79~82,90~94,102~105,113~117,125~128','26~28,37~40,49~51,60~63,72~75,83~86,95~97,106~109,118~120','15~16,21~22,27~29,34~35,41~42,47','14~15,20~21,26~28,33~34,40~41,46','15~16,21~22,27~29,34~35,41~42,47','14~15,20~21,26~28,33~34,40~41,46','14~15,20~21,26~28,33~34,40~41,46','14~15,20~21,26~28,33~34,40~41,46','14~15,20~21,26~28,33~34,40~41,46','10~11,17,23~24,30~31,36~37','9~10,16,22~23,29~30,35~36','9~10,16,22~23,29~30,35~36','10~11,17,23~24,30~31,36~37','9~10,16,22~23,29~30,35~36','9~10,16,22~23,29~30,35~36','9~10,16,22~23,29~30,35~36','9~10,16,22~23,29~30,35~36']	1.5	T	12p7	1.9	1.7	['2019.1.00843.wong/B6/TM_b_X218a/uid___A002_Xe48598_Xafeb_target.ms/','2019.1.00843.wong/B6/TM_d_X219a/uid___A002_Xe407cf_X15ea_target.ms/','2019.1.00843.wong/B6/7M_b_X218c/uid___A002_Xe31981_Xf7ea_target.ms','2019.1.00843.wong/B6/7M_b_X218c/uid___A002_Xe32bed_Xdce2_target.ms','2019.1.00843.wong/B6/7M_b_X218c/uid___A002_Xe32bed_Xe889_target.ms','2019.1.00843.wong/B6/7M_b_X218c/uid___A002_Xe37224_X3836_target.ms','2019.1.00843.wong/B6/7M_b_X218c/uid___A002_Xe37224_X461a_target.ms','2019.1.00843.wong/B6/7M_b_X218c/uid___A002_Xe37224_Xdfe9_target.ms','2019.1.00843.wong/B6/7M_b_X218c/uid___A002_Xe37224_Xe70a_target.ms','2019.1.00843.wong/B6/7M_d_X219c/uid___A002_Xe2ada9_X18144_target.ms','2019.1.00843.wong/B6/7M_d_X219c/uid___A002_Xe2ada9_X187a8_target.ms','2019.1.00843.wong/B6/7M_d_X219c/uid___A002_Xe2ada9_X18ea1_target.ms','2019.1.00843.wong/B6/7M_d_X219c/uid___A002_Xe31981_X30e4_target.ms','2019.1.00843.wong/B6/7M_d_X219c/uid___A002_Xe31981_X3cee_target.ms','2019.1.00843.wong/B6/7M_d_X219c/uid___A002_Xe31981_X47c7_target.ms','2019.1.00843.wong/B6/7M_d_X219c/uid___A002_Xe31981_Xebf5_target.ms','2019.1.00843.wong/B6/7M_d_X219c/uid___A002_Xe32bed_X3f50_target.ms']	['29','29','20','20','20','20','20','20','20','20','20','20','20','20','20','20','20']	0.005	0.75	0.08	"2019.1.00843.wong/B6/TP/30_Doradus_spw21_bd.canon"	17=CO21, 29=C18O21			
30Dor	C18O21	2019.1.00843	['33~36,44~48,55~59,67~71,79~82,90~94,102~105,113~117,125~128','26~28,37~40,49~51,60~63,72~75,83~86,95~97,106~109,118~120','15~16,21~22,27~29,34~35,41~42,47','14~15,20~21,26~28,33~34,40~41,46','15~16,21~22,27~29,34~35,41~42,47','14~15,20~21,26~28,33~34,40~41,46','14~15,20~21,26~28,33~34,40~41,46','14~15,20~21,26~28,33~34,40~41,46','14~15,20~21,26~28,33~34,40~41,46','10~11,17,23~24,30~31,36~37','9~10,16,22~23,29~30,35~36','9~10,16,22~23,29~30,35~36','10~11,17,23~24,30~31,36~37','9~10,16,22~23,29~30,35~36','9~10,16,22~23,29~30,35~36','9~10,16,22~23,29~30,35~36','9~10,16,22~23,29~30,35~36']	1.5	T	12p7	2	1.7	['2019.1.00843.wong/B6/TM_b_X218a/uid___A002_Xe48598_Xafeb_target.ms/','2019.1.00843.wong/B6/TM_d_X219a/uid___A002_Xe407cf_X15ea_target.ms/','2019.1.00843.wong/B6/7M_b_X218c/uid___A002_Xe31981_Xf7ea_target.ms','2019.1.00843.wong/B6/7M_b_X218c/uid___A002_Xe32bed_Xdce2_target.ms','2019.1.00843.wong/B6/7M_b_X218c/uid___A002_Xe32bed_Xe889_target.ms','2019.1.00843.wong/B6/7M_b_X218c/uid___A002_Xe37224_X3836_target.ms','2019.1.00843.wong/B6/7M_b_X218c/uid___A002_Xe37224_X461a_target.ms','2019.1.00843.wong/B6/7M_b_X218c/uid___A002_Xe37224_Xdfe9_target.ms','2019.1.00843.wong/B6/7M_b_X218c/uid___A002_Xe37224_Xe70a_target.ms','2019.1.00843.wong/B6/7M_d_X219c/uid___A002_Xe2ada9_X18144_target.ms','2019.1.00843.wong/B6/7M_d_X219c/uid___A002_Xe2ada9_X187a8_target.ms','2019.1.00843.wong/B6/7M_d_X219c/uid___A002_Xe2ada9_X18ea1_target.ms','2019.1.00843.wong/B6/7M_d_X219c/uid___A002_Xe31981_X30e4_target.ms','2019.1.00843.wong/B6/7M_d_X219c/uid___A002_Xe31981_X3cee_target.ms','2019.1.00843.wong/B6/7M_d_X219c/uid___A002_Xe31981_X47c7_target.ms','2019.1.00843.wong/B6/7M_d_X219c/uid___A002_Xe31981_Xebf5_target.ms','2019.1.00843.wong/B6/7M_d_X219c/uid___A002_Xe32bed_X3f50_target.ms']	['37','37','28','28','28','28','28','28','28','28','28','28','28','28','28','28','28']	0.005	0.75	0.33	"2019.1.00843.wong/B6/TP/30_Doradus_spw29_bd.canon"				
30Dor	12CO21	2019.1.00843	['33~36,44~48,55~59,67~71,79~82,90~94,102~105,113~117,125~128','26~28,37~40,49~51,60~63,72~75,83~86,95~97,106~109,118~120','15~16,21~22,27~29,34~35,41~42,47','14~15,20~21,26~28,33~34,40~41,46','15~16,21~22,27~29,34~35,41~42,47','14~15,20~21,26~28,33~34,40~41,46','14~15,20~21,26~28,33~34,40~41,46','14~15,20~21,26~28,33~34,40~41,46','14~15,20~21,26~28,33~34,40~41,46','10~11,17,23~24,30~31,36~37','9~10,16,22~23,29~30,35~36','9~10,16,22~23,29~30,35~36','10~11,17,23~24,30~31,36~37','9~10,16,22~23,29~30,35~36','9~10,16,22~23,29~30,35~36','9~10,16,22~23,29~30,35~36','9~10,16,22~23,29~30,35~36']	1.5	T	12p7	1.8	1.7	['2019.1.00843.wong/B6/TM_b_X218a/uid___A002_Xe48598_Xafeb_target.ms/','2019.1.00843.wong/B6/TM_d_X219a/uid___A002_Xe407cf_X15ea_target.ms/','2019.1.00843.wong/B6/7M_b_X218c/uid___A002_Xe31981_Xf7ea_target.ms','2019.1.00843.wong/B6/7M_b_X218c/uid___A002_Xe32bed_Xdce2_target.ms','2019.1.00843.wong/B6/7M_b_X218c/uid___A002_Xe32bed_Xe889_target.ms','2019.1.00843.wong/B6/7M_b_X218c/uid___A002_Xe37224_X3836_target.ms','2019.1.00843.wong/B6/7M_b_X218c/uid___A002_Xe37224_X461a_target.ms','2019.1.00843.wong/B6/7M_b_X218c/uid___A002_Xe37224_Xdfe9_target.ms','2019.1.00843.wong/B6/7M_b_X218c/uid___A002_Xe37224_Xe70a_target.ms','2019.1.00843.wong/B6/7M_d_X219c/uid___A002_Xe2ada9_X18144_target.ms','2019.1.00843.wong/B6/7M_d_X219c/uid___A002_Xe2ada9_X187a8_target.ms','2019.1.00843.wong/B6/7M_d_X219c/uid___A002_Xe2ada9_X18ea1_target.ms','2019.1.00843.wong/B6/7M_d_X219c/uid___A002_Xe31981_X30e4_target.ms','2019.1.00843.wong/B6/7M_d_X219c/uid___A002_Xe31981_X3cee_target.ms','2019.1.00843.wong/B6/7M_d_X219c/uid___A002_Xe31981_X47c7_target.ms','2019.1.00843.wong/B6/7M_d_X219c/uid___A002_Xe31981_Xebf5_target.ms','2019.1.00843.wong/B6/7M_d_X219c/uid___A002_Xe32bed_X3f50_target.ms']	['25','25','16','16','16','16','16','16','16','16','16','16','16','16','16','16','16']	0.005	0.75	0.08	"2019.1.00843.wong/B6/TP/30_Doradus_spw17_bd.canon"				
30Dor	H30a	2019.1.00843	['33~36,44~48,55~59,67~71,79~82,90~94,102~105,113~117,125~128','26~28,37~40,49~51,60~63,72~75,83~86,95~97,106~109,118~120','15~16,21~22,27~29,34~35,41~42,47','14~15,20~21,26~28,33~34,40~41,46','15~16,21~22,27~29,34~35,41~42,47','14~15,20~21,26~28,33~34,40~41,46','14~15,20~21,26~28,33~34,40~41,46','14~15,20~21,26~28,33~34,40~41,46','14~15,20~21,26~28,33~34,40~41,46','10~11,17,23~24,30~31,36~37','9~10,16,22~23,29~30,35~36','9~10,16,22~23,29~30,35~36','10~11,17,23~24,30~31,36~37','9~10,16,22~23,29~30,35~36','9~10,16,22~23,29~30,35~36','9~10,16,22~23,29~30,35~36','9~10,16,22~23,29~30,35~36']	1.5	T	12p7	1.9	1.6	['2019.1.00843.wong/B6/TM_b_X218a/uid___A002_Xe48598_Xafeb_target.ms/','2019.1.00843.wong/B6/TM_d_X219a/uid___A002_Xe407cf_X15ea_target.ms/','2019.1.00843.wong/B6/7M_b_X218c/uid___A002_Xe31981_Xf7ea_target.ms','2019.1.00843.wong/B6/7M_b_X218c/uid___A002_Xe32bed_Xdce2_target.ms','2019.1.00843.wong/B6/7M_b_X218c/uid___A002_Xe32bed_Xe889_target.ms','2019.1.00843.wong/B6/7M_b_X218c/uid___A002_Xe37224_X3836_target.ms','2019.1.00843.wong/B6/7M_b_X218c/uid___A002_Xe37224_X461a_target.ms','2019.1.00843.wong/B6/7M_b_X218c/uid___A002_Xe37224_Xdfe9_target.ms','2019.1.00843.wong/B6/7M_b_X218c/uid___A002_Xe37224_Xe70a_target.ms','2019.1.00843.wong/B6/7M_d_X219c/uid___A002_Xe2ada9_X18144_target.ms','2019.1.00843.wong/B6/7M_d_X219c/uid___A002_Xe2ada9_X187a8_target.ms','2019.1.00843.wong/B6/7M_d_X219c/uid___A002_Xe2ada9_X18ea1_target.ms','2019.1.00843.wong/B6/7M_d_X219c/uid___A002_Xe31981_X30e4_target.ms','2019.1.00843.wong/B6/7M_d_X219c/uid___A002_Xe31981_X3cee_target.ms','2019.1.00843.wong/B6/7M_d_X219c/uid___A002_Xe31981_X47c7_target.ms','2019.1.00843.wong/B6/7M_d_X219c/uid___A002_Xe31981_Xebf5_target.ms','2019.1.00843.wong/B6/7M_d_X219c/uid___A002_Xe32bed_X3f50_target.ms']	['27','27','18','18','18','18','18','18','18','18','18','18','18','18','18','18','18']	0.005	1.3	1.27	x			edges of the image are cleaned	
30Dor	cont1mm	2019.1.00843	['33~36,44~48,55~59,67~71,79~82,90~94,102~105,113~117,125~128','26~28,37~40,49~51,60~63,72~75,83~86,95~97,106~109,118~120','15~16,21~22,27~29,34~35,41~42,47','14~15,20~21,26~28,33~34,40~41,46','15~16,21~22,27~29,34~35,41~42,47','14~15,20~21,26~28,33~34,40~41,46','14~15,20~21,26~28,33~34,40~41,46','14~15,20~21,26~28,33~34,40~41,46','14~15,20~21,26~28,33~34,40~41,46','10~11,17,23~24,30~31,36~37','9~10,16,22~23,29~30,35~36','9~10,16,22~23,29~30,35~36','10~11,17,23~24,30~31,36~37','9~10,16,22~23,29~30,35~36','9~10,16,22~23,29~30,35~36','9~10,16,22~23,29~30,35~36','9~10,16,22~23,29~30,35~36']	1.5	T	12p7	1.8	1.6	['2019.1.00843.wong/B6/TM_b_X218a/uid___A002_Xe48598_Xafeb_target.ms/','2019.1.00843.wong/B6/TM_d_X219a/uid___A002_Xe407cf_X15ea_target.ms/','2019.1.00843.wong/B6/7M_b_X218c/uid___A002_Xe31981_Xf7ea_target.ms','2019.1.00843.wong/B6/7M_b_X218c/uid___A002_Xe32bed_Xdce2_target.ms','2019.1.00843.wong/B6/7M_b_X218c/uid___A002_Xe32bed_Xe889_target.ms','2019.1.00843.wong/B6/7M_b_X218c/uid___A002_Xe37224_X3836_target.ms','2019.1.00843.wong/B6/7M_b_X218c/uid___A002_Xe37224_X461a_target.ms','2019.1.00843.wong/B6/7M_b_X218c/uid___A002_Xe37224_Xdfe9_target.ms','2019.1.00843.wong/B6/7M_b_X218c/uid___A002_Xe37224_Xe70a_target.ms','2019.1.00843.wong/B6/7M_d_X219c/uid___A002_Xe2ada9_X18144_target.ms','2019.1.00843.wong/B6/7M_d_X219c/uid___A002_Xe2ada9_X187a8_target.ms','2019.1.00843.wong/B6/7M_d_X219c/uid___A002_Xe2ada9_X18ea1_target.ms','2019.1.00843.wong/B6/7M_d_X219c/uid___A002_Xe31981_X30e4_target.ms','2019.1.00843.wong/B6/7M_d_X219c/uid___A002_Xe31981_X3cee_target.ms','2019.1.00843.wong/B6/7M_d_X219c/uid___A002_Xe31981_X47c7_target.ms','2019.1.00843.wong/B6/7M_d_X219c/uid___A002_Xe31981_Xebf5_target.ms','2019.1.00843.wong/B6/7M_d_X219c/uid___A002_Xe32bed_X3f50_target.ms']	['27:230.7GHz~231.2GHz;231.85GHz~232.7GHz','27:230.7GHz~231.2GHz;231.85GHz~232.7GHz','18:230.7GHz~231.2GHz;231.85GHz~232.7GHz','18:230.7GHz~231.2GHz;231.85GHz~232.7GHz','18:230.7GHz~231.2GHz;231.85GHz~232.7GHz','18:230.7GHz~231.2GHz;231.85GHz~232.7GHz','18:230.7GHz~231.2GHz;231.85GHz~232.7GHz','18:230.7GHz~231.2GHz;231.85GHz~232.7GHz','18:230.7GHz~231.2GHz;231.85GHz~232.7GHz','18:230.7GHz~231.2GHz;231.85GHz~232.7GHz','18:230.7GHz~231.2GHz;231.85GHz~232.7GHz','18:230.7GHz~231.2GHz;231.85GHz~232.7GHz','18:230.7GHz~231.2GHz;231.85GHz~232.7GHz','18:230.7GHz~231.2GHz;231.85GHz~232.7GHz','18:230.7GHz~231.2GHz;231.85GHz~232.7GHz','18:230.7GHz~231.2GHz;231.85GHz~232.7GHz','18:230.7GHz~231.2GHz;231.85GHz~232.7GHz']	0.0002	5	1.27	x			some bowls in the image	
30Dor	HCOp10	2011.0.00471, 2016.1.01533	""	1.5	T	12p7	2.7	1.8	['2011.0.00471.indebetouw/B3_uid___A002_X237408_X14c_Dor_HCOp/30DorBand3.ms.contsub/','2016.1.01533.brunetti/B3_uid___A001_X899_X110_Dor/7M_X111/uid___A002_Xbb30f0_X7a55_target.contsub.ms/']	['3','30']	0.005	0.75	0.82	x				
30Dor	HCN10	2011.0.00471, 2016.1.01533	""	1.5	T	12p7	2.7	1.8	['2011.0.00471.indebetouw/B3_uid___A002_X237408_X14c_Dor_HCOp/30DorBand3.ms.contsub/','2016.1.01533.brunetti/B3_uid___A001_X899_X110_Dor/7M_X111/uid___A002_Xbb30f0_X7a55_target.contsub.ms/']	['3','28']	0.005	0.75	0.83	x				
30Dor	CS21	2011.0.00471, 2016.1.01533	""	1.5	T	12p7	2.4	1.6	['2011.0.00471.indebetouw/B3_uid___A002_X237408_X14c_Dor_HCOp/30DorBand3.ms.contsub/','2016.1.01533.brunetti/B3_uid___A001_X899_X110_Dor/7M_X111/uid___A002_Xbb30f0_X7a55_target.contsub.ms/']	['0','16']	0.005	0.75	0.75	x			Check weather--huge peak on the side of image	
30Dor	SO3221	2011.0.00471	""	1.5	T	12	2.3	2	['2011.0.00471.indebetouw/B3_uid___A002_X237408_X14c_Dor_HCOp/30DorBand3.ms.contsub/']	['1']	0.005	0.75	0.75	x	7M is TDM spw18			
30Dor	H40a	2011.0.00471	""	1.5	T	12	2.3	1.6	['2011.0.00471.indebetouw/B3_uid___A002_X237408_X14c_Dor_HCOp/30DorBand3.ms.contsub/']	['1']	0.005	0.75	0.75	x				
30Dor	cont3mm	2011.0.00471, 2016.1.01533	""	1.5	T	12p7	2.5	1.7	['2011.0.00471.indebetouw/B3_uid___A002_X237408_X14c_Dor_HCOp/30DorBand3.ms','2016.1.01533.brunetti/B3_uid___A001_X899_X110_Dor/7M_X111/uid___A002_Xbb30f0_X7a55_target.ms/']	['0:98GHz~98.85GHz','18:98GHz~98.85GHz;99.25GHz~100GHz']	0.0003	5	0.75	x			Bad image	
30Dor	13CO10	2017.1.00093	YSO22	1.5	T	12p7	2.3	1.8	['2017.1.00093.onishi/B3_uid___A001_X1284_X1d43_13CO10/7M_X1d47/uid___A002_Xc8d560_Xa994_targets_line.ms','2017.1.00093.onishi/B3_uid___A001_X1284_X1d43_13CO10/7M_X1d47/uid___A002_Xc8ed16_X88da_targets_line.ms','2017.1.00093.onishi/B3_uid___A001_X1284_X1d43_13CO10/7M_X1d47/uid___A002_Xc8d560_X9c47_targets_line.ms','2017.1.00093.onishi/B3_uid___A001_X1284_X1d43_13CO10/7M_X1d47/uid___A002_Xc8ed16_Xb52_targets_line.ms','2017.1.00093.onishi/B3_uid___A001_X1284_X1d43_13CO10/7M_X1d47/uid___A002_Xc8b2b0_Xdc1_targets_line.ms','2017.1.00093.onishi/B3_uid___A001_X1284_X1d43_13CO10/7M_X1d47/uid___A002_Xc86fe5_Xa8ea_targets_line.ms','2017.1.00093.onishi/B3_uid___A001_X1284_X1d43_13CO10/7M_X1d47/uid___A002_Xc8ed16_X967c_targets_line.ms','2017.1.00093.onishi/B3_uid___A001_X1284_X1d43_13CO10/TM_X1d45/uid___A002_Xcb7a9d_X66d_targets_line.ms','2017.1.00093.onishi/B3_uid___A001_X1284_X1d43_13CO10/TM_X1d45/uid___A002_Xcb8a93_X1b2_targets_line.ms']	['18','18','18','18','18','18','18','27','27']	0.015	0.75	0.09	x				
30Dor	C18O10	2017.1.00093	YSO22	1.5	T	12p7	2.3	1.8	['2017.1.00093.onishi/B3_uid___A001_X1284_X1d43_13CO10/7M_X1d47/uid___A002_Xc8d560_Xa994_targets_line.ms','2017.1.00093.onishi/B3_uid___A001_X1284_X1d43_13CO10/7M_X1d47/uid___A002_Xc8ed16_X88da_targets_line.ms','2017.1.00093.onishi/B3_uid___A001_X1284_X1d43_13CO10/7M_X1d47/uid___A002_Xc8d560_X9c47_targets_line.ms','2017.1.00093.onishi/B3_uid___A001_X1284_X1d43_13CO10/7M_X1d47/uid___A002_Xc8ed16_Xb52_targets_line.ms','2017.1.00093.onishi/B3_uid___A001_X1284_X1d43_13CO10/7M_X1d47/uid___A002_Xc8b2b0_Xdc1_targets_line.ms','2017.1.00093.onishi/B3_uid___A001_X1284_X1d43_13CO10/7M_X1d47/uid___A002_Xc86fe5_Xa8ea_targets_line.ms','2017.1.00093.onishi/B3_uid___A001_X1284_X1d43_13CO10/7M_X1d47/uid___A002_Xc8ed16_X967c_targets_line.ms','2017.1.00093.onishi/B3_uid___A001_X1284_X1d43_13CO10/TM_X1d45/uid___A002_Xcb7a9d_X66d_targets_line.ms','2017.1.00093.onishi/B3_uid___A001_X1284_X1d43_13CO10/TM_X1d45/uid___A002_Xcb8a93_X1b2_targets_line.ms']	['16','16','16','16','16','16','16','25','25']	0.02	0.75	0.09	x				
																		
N69	13CO10	2015.1.00196.S	SMC0N69	1.5	T	12p7	2.5	1.9	['2015.1.00196.duval/B3_uid___A001_X33e_Xe7_smc_13CO10/TM_Xe9/uid___A002_Xb0ebd1_X9122_targets_line.ms/','2015.1.00196.duval/B3_uid___A001_X33e_Xe7_smc_13CO10/7M_Xeb/uid___A002_Xb3ca1e_X2a6_targets_line.ms/','2015.1.00196.duval/B3_uid___A001_X33e_Xe7_smc_13CO10/7M_Xeb/uid___A002_Xb41687_X4268_targets_line.ms/','2015.1.00196.duval/B3_uid___A001_X33e_Xe7_smc_13CO10/7M_Xeb/uid___A002_Xb41687_X4bf5_targets_line.ms/','2015.1.00196.duval/B3_uid___A001_X33e_Xe7_smc_13CO10/7M_Xeb/uid___A002_Xb41687_X5466_targets_line.ms/','2015.1.00196.duval/B3_uid___A001_X33e_Xe7_smc_13CO10/7M_Xeb/uid___A002_Xb4f03d_X1448_targets_line.ms/','2015.1.00196.duval/B3_uid___A001_X33e_Xe7_smc_13CO10/7M_Xeb/uid___A002_Xb4f03d_X875_targets_line.ms/','2015.1.00196.duval/B3_uid___A001_X33e_Xe7_smc_13CO10/7M_Xeb/uid___A002_Xb4f03d_Xe84_targets_line.ms/','2015.1.00196.duval/B3_uid___A001_X33e_Xe7_smc_13CO10/7M_Xeb/uid___A002_Xb51110_X16d3_targets_line.ms/','2015.1.00196.duval/B3_uid___A001_X33e_Xe7_smc_13CO10/7M_Xeb/uid___A002_Xb88fca_Xa7cc_targets_line.ms/]	['25','16','16','16','16','16','16','16','16','16']	0.01	0.4	0.37	"2015.1.00196.duval/B3_uid___A001_X33e_Xe7_smc_13CO10/TP_N69_Xef/member.uid___A001_X33e_Xef.concat.spw17.canon/"				
N69	CS21	2015.1.00196.S	SMC0N69	1.5	T	12p7	2.7	2.1	['2015.1.00196.duval/B3_uid___A001_X33e_Xe7_smc_13CO10/TM_Xe9/uid___A002_Xb0ebd1_X9122_targets_line.ms/','2015.1.00196.duval/B3_uid___A001_X33e_Xe7_smc_13CO10/7M_Xeb/uid___A002_Xb3ca1e_X2a6_targets_line.ms/','2015.1.00196.duval/B3_uid___A001_X33e_Xe7_smc_13CO10/7M_Xeb/uid___A002_Xb41687_X4268_targets_line.ms/','2015.1.00196.duval/B3_uid___A001_X33e_Xe7_smc_13CO10/7M_Xeb/uid___A002_Xb41687_X4bf5_targets_line.ms/','2015.1.00196.duval/B3_uid___A001_X33e_Xe7_smc_13CO10/7M_Xeb/uid___A002_Xb41687_X5466_targets_line.ms/','2015.1.00196.duval/B3_uid___A001_X33e_Xe7_smc_13CO10/7M_Xeb/uid___A002_Xb4f03d_X1448_targets_line.ms/','2015.1.00196.duval/B3_uid___A001_X33e_Xe7_smc_13CO10/7M_Xeb/uid___A002_Xb4f03d_X875_targets_line.ms/','2015.1.00196.duval/B3_uid___A001_X33e_Xe7_smc_13CO10/7M_Xeb/uid___A002_Xb4f03d_Xe84_targets_line.ms/','2015.1.00196.duval/B3_uid___A001_X33e_Xe7_smc_13CO10/7M_Xeb/uid___A002_Xb51110_X16d3_targets_line.ms/','2015.1.00196.duval/B3_uid___A001_X33e_Xe7_smc_13CO10/7M_Xeb/uid___A002_Xb88fca_Xa7cc_targets_line.ms/]	['29','20','20','20','20','20','20','20','20','20']	0.01	0.4	0.37	"2015.1.00196.duval/B3_uid___A001_X33e_Xe7_smc_13CO10/TP_N69_Xef/member.uid___A001_X33e_Xef.concat.spw21.canon/"				
N69	C18O10	2015.1.00196.S	SMC0N69	1.5	T	12p7	2.5	1.9	['2015.1.00196.duval/B3_uid___A001_X33e_Xe7_smc_13CO10/TM_Xe9/uid___A002_Xb0ebd1_X9122_targets_line.ms/','2015.1.00196.duval/B3_uid___A001_X33e_Xe7_smc_13CO10/7M_Xeb/uid___A002_Xb3ca1e_X2a6_targets_line.ms/','2015.1.00196.duval/B3_uid___A001_X33e_Xe7_smc_13CO10/7M_Xeb/uid___A002_Xb41687_X4268_targets_line.ms/','2015.1.00196.duval/B3_uid___A001_X33e_Xe7_smc_13CO10/7M_Xeb/uid___A002_Xb41687_X4bf5_targets_line.ms/','2015.1.00196.duval/B3_uid___A001_X33e_Xe7_smc_13CO10/7M_Xeb/uid___A002_Xb41687_X5466_targets_line.ms/','2015.1.00196.duval/B3_uid___A001_X33e_Xe7_smc_13CO10/7M_Xeb/uid___A002_Xb4f03d_X1448_targets_line.ms/','2015.1.00196.duval/B3_uid___A001_X33e_Xe7_smc_13CO10/7M_Xeb/uid___A002_Xb4f03d_X875_targets_line.ms/','2015.1.00196.duval/B3_uid___A001_X33e_Xe7_smc_13CO10/7M_Xeb/uid___A002_Xb4f03d_Xe84_targets_line.ms/','2015.1.00196.duval/B3_uid___A001_X33e_Xe7_smc_13CO10/7M_Xeb/uid___A002_Xb51110_X16d3_targets_line.ms/','2015.1.00196.duval/B3_uid___A001_X33e_Xe7_smc_13CO10/7M_Xeb/uid___A002_Xb88fca_Xa7cc_targets_line.ms/]	['27','18','18','18','18','18','18','18','18','18']	0.01	0.4	0.37	"2015.1.00196.duval/B3_uid___A001_X33e_Xe7_smc_13CO10/TP_N69_Xef/member.uid___A001_X33e_Xef.concat.spw19.canon/"				
N69	cont3mm	2015.1.00196.S	SMC0N69	1.5	T	12p7	2.7	2.1	['2015.1.00196.duval/B3_uid___A001_X33e_Xe7_smc_13CO10/TM_Xe9/uid___A002_Xb0ebd1_X9122_targets.ms/','2015.1.00196.duval/B3_uid___A001_X33e_Xe7_smc_13CO10/7M_Xeb/uid___A002_Xb3ca1e_X2a6_targets.ms/','2015.1.00196.duval/B3_uid___A001_X33e_Xe7_smc_13CO10/7M_Xeb/uid___A002_Xb41687_X4268_targets.ms/','2015.1.00196.duval/B3_uid___A001_X33e_Xe7_smc_13CO10/7M_Xeb/uid___A002_Xb41687_X4bf5_targets.ms/','2015.1.00196.duval/B3_uid___A001_X33e_Xe7_smc_13CO10/7M_Xeb/uid___A002_Xb41687_X5466_targets.ms/','2015.1.00196.duval/B3_uid___A001_X33e_Xe7_smc_13CO10/7M_Xeb/uid___A002_Xb4f03d_X1448_targets.ms/','2015.1.00196.duval/B3_uid___A001_X33e_Xe7_smc_13CO10/7M_Xeb/uid___A002_Xb4f03d_X875_targets.ms/','2015.1.00196.duval/B3_uid___A001_X33e_Xe7_smc_13CO10/7M_Xeb/uid___A002_Xb4f03d_Xe84_targets.ms/','2015.1.00196.duval/B3_uid___A001_X33e_Xe7_smc_13CO10/7M_Xeb/uid___A002_Xb51110_X16d3_targets.ms/','2015.1.00196.duval/B3_uid___A001_X33e_Xe7_smc_13CO10/7M_Xeb/uid___A002_Xb88fca_Xa7cc_targets.ms/]	['23','22','22','22','22','22','22','22','22','22']	0.01	0.4	0.37	x				
N69	12CO10	2015.1.00196.S	SMC0N69	1.5	T	12p7	2.2	1.6	['2015.1.00196.duval/B3_uid___A001_X33e_Xfb_smc_12CO10/TM_Xfd/uid___A002_Xb0ebd1_X4bd7_targets_line.ms/','2015.1.00196.duval/B3_uid___A001_X33e_Xfb_smc_12CO10/7M_Xff/uid___A002_Xb3ca1e_X8eb_targets_line.ms/','2015.1.00196.duval/B3_uid___A001_X33e_Xfb_smc_12CO10/7M_Xff/uid___A002_Xb40d55_X3d1d_targets_line.ms/']	['22','15','15']	0.01	0.4	0.37	"2015.1.00196.duval/B3_uid___A001_X33e_Xfb_smc_12CO10/TP_N69_X103/member.uid___A001_X33e_X103.SMC0N69.spw16.I.sd.canon/"				
N69	13CO21	2015.1.00196.S	SMC0N69	1.5	T	12p7	2.3	2	['2015.1.00196.duval/B6_uid___A001_X33e_Xd3_smc_CO21/TM_X6cf/uid___A002_Xbe0d4d_X2590_targets_line.ms/','2015.1.00196.duval/B6_uid___A001_X33e_Xd3_smc_CO21/TM_X6cf/uid___A002_Xbeb207_X2324_targets_line.ms/','2015.1.00196.duval/B6_uid___A001_X33e_Xd3_smc_CO21/7M_Xd7/uid___A002_Xb36550_X5718_targets_line.ms/','2015.1.00196.duval/B6_uid___A001_X33e_Xd3_smc_CO21/7M_Xd7/uid___A002_Xb48b38_X2df3_targets_line.ms/']	['27','27','20','20']	0.02	0.4	0.37	"2015.1.00196.duval/B6_uid___A001_X33e_Xd3_smc_CO21/TP_N69_Xdb/member.uid___A001_X33e_Xdb.SMC0N69.spw21.I.sd.im.canon/"				
N69	12CO21	2015.1.00196.S	SMC0N69	1.5	T	12p7	2.2	1.9	['2015.1.00196.duval/B6_uid___A001_X33e_Xd3_smc_CO21/TM_X6cf/uid___A002_Xbe0d4d_X2590_targets_line.ms/','2015.1.00196.duval/B6_uid___A001_X33e_Xd3_smc_CO21/TM_X6cf/uid___A002_Xbeb207_X2324_targets_line.ms/','2015.1.00196.duval/B6_uid___A001_X33e_Xd3_smc_CO21/7M_Xd7/uid___A002_Xb36550_X5718_targets_line.ms/','2015.1.00196.duval/B6_uid___A001_X33e_Xd3_smc_CO21/7M_Xd7/uid___A002_Xb48b38_X2df3_targets_line.ms/']	['25','25','16','16']	0.02	0.4	0.37	"2015.1.00196.duval/B6_uid___A001_X33e_Xd3_smc_CO21/TP_N69_Xdb/member.uid___A001_X33e_Xdb.SMC0N69.spw17.I.sd.im.canon/"			artifacts in image--bad weather?	
N69	C18O21	2015.1.00196.S	SMC0N69	1.5	T	12p7	2.3	2	['2015.1.00196.duval/B6_uid___A001_X33e_Xd3_smc_CO21/TM_X6cf/uid___A002_Xbe0d4d_X2590_targets_line.ms/','2015.1.00196.duval/B6_uid___A001_X33e_Xd3_smc_CO21/TM_X6cf/uid___A002_Xbeb207_X2324_targets_line.ms/','2015.1.00196.duval/B6_uid___A001_X33e_Xd3_smc_CO21/7M_Xd7/uid___A002_Xb36550_X5718_targets_line.ms/','2015.1.00196.duval/B6_uid___A001_X33e_Xd3_smc_CO21/7M_Xd7/uid___A002_Xb48b38_X2df3_targets_line.ms/']	['29','29','22','22']	0.02	0.4	0.37	"2015.1.00196.duval/B6_uid___A001_X33e_Xd3_smc_CO21/TP_N69_Xdb/member.uid___A001_X33e_Xdb.SMC0N69.spw23.I.sd.im.canon/"				
N69	cont1mm	2015.1.00196.S	SMC0N69	1.5	T	12p7	2.1	1.8	['2015.1.00196.duval/B6_uid___A001_X33e_Xd3_smc_CO21/TM_X6cf/uid___A002_Xbe0d4d_X2590_targets.ms/','2015.1.00196.duval/B6_uid___A001_X33e_Xd3_smc_CO21/TM_X6cf/uid___A002_Xbeb207_X2324_targets.ms/','2015.1.00196.duval/B6_uid___A001_X33e_Xd3_smc_CO21/7M_Xd7/uid___A002_Xb36550_X5718_targets.ms/','2015.1.00196.duval/B6_uid___A001_X33e_Xd3_smc_CO21/7M_Xd7/uid___A002_Xb48b38_X2df3_targets.ms/']	['19','19','18','18']	0.02	0.4	0.37	x				
																		
N42	13CO10	2015.1.00196.S	SMC1N42	1.5	T	12p7	2.5	1.9	['2015.1.00196.duval/B3_uid___A001_X33e_Xe7_smc_13CO10/TM_Xe9/uid___A002_Xb0ebd1_X9122_targets_line.ms/','2015.1.00196.duval/B3_uid___A001_X33e_Xe7_smc_13CO10/7M_Xeb/uid___A002_Xb3ca1e_X2a6_targets_line.ms/','2015.1.00196.duval/B3_uid___A001_X33e_Xe7_smc_13CO10/7M_Xeb/uid___A002_Xb41687_X4268_targets_line.ms/','2015.1.00196.duval/B3_uid___A001_X33e_Xe7_smc_13CO10/7M_Xeb/uid___A002_Xb41687_X4bf5_targets_line.ms/','2015.1.00196.duval/B3_uid___A001_X33e_Xe7_smc_13CO10/7M_Xeb/uid___A002_Xb41687_X5466_targets_line.ms/','2015.1.00196.duval/B3_uid___A001_X33e_Xe7_smc_13CO10/7M_Xeb/uid___A002_Xb4f03d_X1448_targets_line.ms/','2015.1.00196.duval/B3_uid___A001_X33e_Xe7_smc_13CO10/7M_Xeb/uid___A002_Xb4f03d_X875_targets_line.ms/','2015.1.00196.duval/B3_uid___A001_X33e_Xe7_smc_13CO10/7M_Xeb/uid___A002_Xb4f03d_Xe84_targets_line.ms/','2015.1.00196.duval/B3_uid___A001_X33e_Xe7_smc_13CO10/7M_Xeb/uid___A002_Xb51110_X16d3_targets_line.ms/','2015.1.00196.duval/B3_uid___A001_X33e_Xe7_smc_13CO10/7M_Xeb/uid___A002_Xb88fca_Xa7cc_targets_line.ms/]	['25','16','16','16','16','16','16','16','16','16']	0.01	0.4	0.37	"2015.1.00196.duval/B3_uid___A001_X33e_Xe7_smc_13CO10/TP_N42_X9f/member.uid___A001_X340_X9f.SMC1N42.spw17.I.sd.canon/"				
N42	CS21	2015.1.00196.S	SMC1N42	1.5	T	12p7	2.7	2.1	['2015.1.00196.duval/B3_uid___A001_X33e_Xe7_smc_13CO10/TM_Xe9/uid___A002_Xb0ebd1_X9122_targets_line.ms/','2015.1.00196.duval/B3_uid___A001_X33e_Xe7_smc_13CO10/7M_Xeb/uid___A002_Xb3ca1e_X2a6_targets_line.ms/','2015.1.00196.duval/B3_uid___A001_X33e_Xe7_smc_13CO10/7M_Xeb/uid___A002_Xb41687_X4268_targets_line.ms/','2015.1.00196.duval/B3_uid___A001_X33e_Xe7_smc_13CO10/7M_Xeb/uid___A002_Xb41687_X4bf5_targets_line.ms/','2015.1.00196.duval/B3_uid___A001_X33e_Xe7_smc_13CO10/7M_Xeb/uid___A002_Xb41687_X5466_targets_line.ms/','2015.1.00196.duval/B3_uid___A001_X33e_Xe7_smc_13CO10/7M_Xeb/uid___A002_Xb4f03d_X1448_targets_line.ms/','2015.1.00196.duval/B3_uid___A001_X33e_Xe7_smc_13CO10/7M_Xeb/uid___A002_Xb4f03d_X875_targets_line.ms/','2015.1.00196.duval/B3_uid___A001_X33e_Xe7_smc_13CO10/7M_Xeb/uid___A002_Xb4f03d_Xe84_targets_line.ms/','2015.1.00196.duval/B3_uid___A001_X33e_Xe7_smc_13CO10/7M_Xeb/uid___A002_Xb51110_X16d3_targets_line.ms/','2015.1.00196.duval/B3_uid___A001_X33e_Xe7_smc_13CO10/7M_Xeb/uid___A002_Xb88fca_Xa7cc_targets_line.ms/]	['29','20','20','20','20','20','20','20','20','20']	0.01	0.4	0.37	"2015.1.00196.duval/B3_uid___A001_X33e_Xe7_smc_13CO10/TP_N42_X9f/member.uid___A001_X340_X9f.SMC1N42.spw21.I.sd.canon/"				
N42	C18O10	2015.1.00196.S	SMC1N42	1.5	T	12p7	2.5	2	['2015.1.00196.duval/B3_uid___A001_X33e_Xe7_smc_13CO10/TM_Xe9/uid___A002_Xb0ebd1_X9122_targets_line.ms/','2015.1.00196.duval/B3_uid___A001_X33e_Xe7_smc_13CO10/7M_Xeb/uid___A002_Xb3ca1e_X2a6_targets_line.ms/','2015.1.00196.duval/B3_uid___A001_X33e_Xe7_smc_13CO10/7M_Xeb/uid___A002_Xb41687_X4268_targets_line.ms/','2015.1.00196.duval/B3_uid___A001_X33e_Xe7_smc_13CO10/7M_Xeb/uid___A002_Xb41687_X4bf5_targets_line.ms/','2015.1.00196.duval/B3_uid___A001_X33e_Xe7_smc_13CO10/7M_Xeb/uid___A002_Xb41687_X5466_targets_line.ms/','2015.1.00196.duval/B3_uid___A001_X33e_Xe7_smc_13CO10/7M_Xeb/uid___A002_Xb4f03d_X1448_targets_line.ms/','2015.1.00196.duval/B3_uid___A001_X33e_Xe7_smc_13CO10/7M_Xeb/uid___A002_Xb4f03d_X875_targets_line.ms/','2015.1.00196.duval/B3_uid___A001_X33e_Xe7_smc_13CO10/7M_Xeb/uid___A002_Xb4f03d_Xe84_targets_line.ms/','2015.1.00196.duval/B3_uid___A001_X33e_Xe7_smc_13CO10/7M_Xeb/uid___A002_Xb51110_X16d3_targets_line.ms/','2015.1.00196.duval/B3_uid___A001_X33e_Xe7_smc_13CO10/7M_Xeb/uid___A002_Xb88fca_Xa7cc_targets_line.ms/]	['27','18','18','18','18','18','18','18','18','18']	0.01	0.4	0.37	"2015.1.00196.duval/B3_uid___A001_X33e_Xe7_smc_13CO10/TP_N42_X9f/member.uid___A001_X340_X9f.SMC1N42.spw19.I.sd.canon/"				
N42	cont3mm	2015.1.00196.S	SMC1N42	1.5	T	12p7	2.7	2.1	['2015.1.00196.duval/B3_uid___A001_X33e_Xe7_smc_13CO10/TM_Xe9/uid___A002_Xb0ebd1_X9122_targets.ms/','2015.1.00196.duval/B3_uid___A001_X33e_Xe7_smc_13CO10/7M_Xeb/uid___A002_Xb3ca1e_X2a6_targets.ms/','2015.1.00196.duval/B3_uid___A001_X33e_Xe7_smc_13CO10/7M_Xeb/uid___A002_Xb41687_X4268_targets.ms/','2015.1.00196.duval/B3_uid___A001_X33e_Xe7_smc_13CO10/7M_Xeb/uid___A002_Xb41687_X4bf5_targets.ms/','2015.1.00196.duval/B3_uid___A001_X33e_Xe7_smc_13CO10/7M_Xeb/uid___A002_Xb41687_X5466_targets.ms/','2015.1.00196.duval/B3_uid___A001_X33e_Xe7_smc_13CO10/7M_Xeb/uid___A002_Xb4f03d_X1448_targets.ms/','2015.1.00196.duval/B3_uid___A001_X33e_Xe7_smc_13CO10/7M_Xeb/uid___A002_Xb4f03d_X875_targets.ms/','2015.1.00196.duval/B3_uid___A001_X33e_Xe7_smc_13CO10/7M_Xeb/uid___A002_Xb4f03d_Xe84_targets.ms/','2015.1.00196.duval/B3_uid___A001_X33e_Xe7_smc_13CO10/7M_Xeb/uid___A002_Xb51110_X16d3_targets.ms/','2015.1.00196.duval/B3_uid___A001_X33e_Xe7_smc_13CO10/7M_Xeb/uid___A002_Xb88fca_Xa7cc_targets.ms/]	['23','22','22','22','22','22','22','22','22','22']	0.001	0.4	0.37	x				
N42	12CO10	2015.1.00196.S	SMC1N42	1.5	T	12p7	2.2	1.6	['2015.1.00196.duval/B3_uid___A001_X33e_Xfb_smc_12CO10/TM_Xfd/uid___A002_Xb0ebd1_X4bd7_targets_line.ms/','2015.1.00196.duval/B3_uid___A001_X33e_Xfb_smc_12CO10/7M_Xff/uid___A002_Xb3ca1e_X8eb_targets_line.ms/','2015.1.00196.duval/B3_uid___A001_X33e_Xfb_smc_12CO10/7M_Xff/uid___A002_Xb40d55_X3d1d_targets_line.ms/']	['22','15','15']	0.01	0.4	0.37	"2015.1.00196.duval/B3_uid___A001_X33e_Xfb_smc_12CO10/TP_N42_Xa7/member.uid___A001_X340_Xa7.SMC1N42.spw16.I.sd.canon/"				
N42	13CO21	2015.1.00196.S	SMC1N42	1.5	T	12p7	2.3	2	['2015.1.00196.duval/B6_uid___A001_X33e_Xd3_smc_CO21/TM_X6cf/uid___A002_Xbe0d4d_X2590_targets_line.ms/','2015.1.00196.duval/B6_uid___A001_X33e_Xd3_smc_CO21/TM_X6cf/uid___A002_Xbeb207_X2324_targets_line.ms/','2015.1.00196.duval/B6_uid___A001_X33e_Xd3_smc_CO21/7M_Xd7/uid___A002_Xb36550_X5718_targets_line.ms/','2015.1.00196.duval/B6_uid___A001_X33e_Xd3_smc_CO21/7M_Xd7/uid___A002_Xb48b38_X2df3_targets_line.ms/']	['27','27','20','20']	0.02	0.4	0.37	"2015.1.00196.duval/B6_uid___A001_X33e_Xd3_smc_CO21/TP_N42_X97/member.uid___A001_X340_X97.SMC1N42.spw21.I.sd.canon/"				
N42	12CO21	2015.1.00196.S	SMC1N42	1.5	T	12p7	2.2	1.9	['2015.1.00196.duval/B6_uid___A001_X33e_Xd3_smc_CO21/TM_X6cf/uid___A002_Xbe0d4d_X2590_targets_line.ms/','2015.1.00196.duval/B6_uid___A001_X33e_Xd3_smc_CO21/TM_X6cf/uid___A002_Xbeb207_X2324_targets_line.ms/','2015.1.00196.duval/B6_uid___A001_X33e_Xd3_smc_CO21/7M_Xd7/uid___A002_Xb36550_X5718_targets_line.ms/','2015.1.00196.duval/B6_uid___A001_X33e_Xd3_smc_CO21/7M_Xd7/uid___A002_Xb48b38_X2df3_targets_line.ms/']	['25','25','16','16']	0.02	0.4	0.37	"2015.1.00196.duval/B6_uid___A001_X33e_Xd3_smc_CO21/TP_N42_X97/member.uid___A001_X340_X97.SMC1N42.spw17.I.sd.canon/"		diverging?		
N42	C18O21	2015.1.00196.S	SMC1N42	1.5	T	12p7	2.2	2	['2015.1.00196.duval/B6_uid___A001_X33e_Xd3_smc_CO21/TM_X6cf/uid___A002_Xbe0d4d_X2590_targets_line.ms/','2015.1.00196.duval/B6_uid___A001_X33e_Xd3_smc_CO21/TM_X6cf/uid___A002_Xbeb207_X2324_targets_line.ms/','2015.1.00196.duval/B6_uid___A001_X33e_Xd3_smc_CO21/7M_Xd7/uid___A002_Xb36550_X5718_targets_line.ms/','2015.1.00196.duval/B6_uid___A001_X33e_Xd3_smc_CO21/7M_Xd7/uid___A002_Xb48b38_X2df3_targets_line.ms/']	['29','29','22','22']	0.02	0.4	0.37	"2015.1.00196.duval/B6_uid___A001_X33e_Xd3_smc_CO21/TP_N42_X97/member.uid___A001_X340_X97.SMC1N42.spw23.I.sd.canon/"				
N42	cont1mm	2015.1.00196.S	SMC1N42	1.5	T	12p7	2.1	1.9	['2015.1.00196.duval/B6_uid___A001_X33e_Xd3_smc_CO21/TM_X6cf/uid___A002_Xbe0d4d_X2590_targets.ms/','2015.1.00196.duval/B6_uid___A001_X33e_Xd3_smc_CO21/TM_X6cf/uid___A002_Xbeb207_X2324_targets.ms/','2015.1.00196.duval/B6_uid___A001_X33e_Xd3_smc_CO21/7M_Xd7/uid___A002_Xb36550_X5718_targets.ms/','2015.1.00196.duval/B6_uid___A001_X33e_Xd3_smc_CO21/7M_Xd7/uid___A002_Xb48b38_X2df3_targets.ms/']	['19','19','18','18']	5.00E-04	0.4	0.37	x				
																		
N66	13CO21	2015.1.00196.S,2015.1.01296.S	['SMC2N66','SMC2N66','SMC2N66','SMC2N66','','','','','','']	1.5	T	12p7	2.2	1.9	['2015.1.00196.duval/B6_uid___A001_X33e_Xd3_smc_CO21/TM_X6cf/uid___A002_Xbe0d4d_X2590_targets_line.ms/','2015.1.00196.duval/B6_uid___A001_X33e_Xd3_smc_CO21/TM_X6cf/uid___A002_Xbeb207_X2324_targets_line.ms/','2015.1.00196.duval/B6_uid___A001_X33e_Xd3_smc_CO21/7M_Xd7/uid___A002_Xb36550_X5718_targets_line.ms/','2015.1.00196.duval/B6_uid___A001_X33e_Xd3_smc_CO21/7M_Xd7/uid___A002_Xb48b38_X2df3_targets_line.ms/','2015.1.01296.muller/B6_uid___A001_X2fb_Xcda_CO21/TM_Xcdc/uid___A002_Xcf749a_X29c3_targets_line.ms/','2015.1.01296.muller/B6_uid___A001_X2fb_Xcda_CO21/7M_Xcde/uid___A002_Xb499c3_X2cba_targets_line.ms/','2015.1.01296.muller/B6_uid___A001_X2fb_Xcda_CO21/7M_Xcde/uid___A002_Xb499c3_X31ea_targets_line.ms/','2015.1.01296.muller/B6_uid___A001_X2fb_Xcda_CO21/7M_Xcde/uid___A002_Xbabd27_X454_targets_line.ms/','2015.1.01296.muller/B6_uid___A001_X2fb_Xcda_CO21/7M_Xcde/uid___A002_Xbad2b0_X188d_targets_line.ms/','2015.1.01296.muller/B6_uid___A001_X2fb_Xcda_CO21/7M_Xcde/uid___A002_Xbeaa79_X248_targets_line.ms/']	['27','27','20','20','29','22','22','22','22','22']	0.02	0.4	0.37	"2015.1.01296.muller/B6_uid___A001_X2fb_Xcda_CO21/TP/NGC346.spw23.sd.nopbcor.canon/"				
N66	12CO21	2015.1.00196.S,2015.1.01296.S	['SMC2N66','SMC2N66','SMC2N66','SMC2N66','','','','','','']	1.5	T	12p7	2.2	1.9	['2015.1.00196.duval/B6_uid___A001_X33e_Xd3_smc_CO21/TM_X6cf/uid___A002_Xbe0d4d_X2590_targets_line.ms/','2015.1.00196.duval/B6_uid___A001_X33e_Xd3_smc_CO21/TM_X6cf/uid___A002_Xbeb207_X2324_targets_line.ms/','2015.1.00196.duval/B6_uid___A001_X33e_Xd3_smc_CO21/7M_Xd7/uid___A002_Xb36550_X5718_targets_line.ms/','2015.1.00196.duval/B6_uid___A001_X33e_Xd3_smc_CO21/7M_Xd7/uid___A002_Xb48b38_X2df3_targets_line.ms/','2015.1.01296.muller/B6_uid___A001_X2fb_Xcda_CO21/TM_Xcdc/uid___A002_Xcf749a_X29c3_targets_line.ms/','2015.1.01296.muller/B6_uid___A001_X2fb_Xcda_CO21/7M_Xcde/uid___A002_Xb499c3_X2cba_targets_line.ms/','2015.1.01296.muller/B6_uid___A001_X2fb_Xcda_CO21/7M_Xcde/uid___A002_Xb499c3_X31ea_targets_line.ms/','2015.1.01296.muller/B6_uid___A001_X2fb_Xcda_CO21/7M_Xcde/uid___A002_Xbabd27_X454_targets_line.ms/','2015.1.01296.muller/B6_uid___A001_X2fb_Xcda_CO21/7M_Xcde/uid___A002_Xbad2b0_X188d_targets_line.ms/','2015.1.01296.muller/B6_uid___A001_X2fb_Xcda_CO21/7M_Xcde/uid___A002_Xbeaa79_X248_targets_line.ms/']	['25','25','16','16','25','16','16','16','16','16']	0.01	0.4	0.37	"2015.1.01296.muller/B6_uid___A001_X2fb_Xcda_CO21/TP/NGC346.spw17.sd.nopbcor.canon/"				
N66	C18O21	2015.1.00196.S	['SMC2N66','SMC2N66','SMC2N66','SMC2N66']	1.5	T	12p7	2.2	1.9	['2015.1.00196.duval/B6_uid___A001_X33e_Xd3_smc_CO21/TM_X6cf/uid___A002_Xbe0d4d_X2590_targets_line.ms/','2015.1.00196.duval/B6_uid___A001_X33e_Xd3_smc_CO21/TM_X6cf/uid___A002_Xbeb207_X2324_targets_line.ms/','2015.1.00196.duval/B6_uid___A001_X33e_Xd3_smc_CO21/7M_Xd7/uid___A002_Xb36550_X5718_targets_line.ms/','2015.1.00196.duval/B6_uid___A001_X33e_Xd3_smc_CO21/7M_Xd7/uid___A002_Xb48b38_X2df3_targets_line.ms/']	['29','29','22','22']	0.02	0.4	0.37	"2015.1.00196.duval/B6_uid___A001_X33e_Xd3_smc_CO21/TP_N66_X99/member.uid___A001_X340_X99.SMC2N66.spw23.I.sd.canon/"				
N66	cont1mm	2015.1.00196.S	['SMC2N66','SMC2N66','SMC2N66','SMC2N66','','','','','','']	1.5	T	12p7	2.2	1.9	['2015.1.00196.duval/B6_uid___A001_X33e_Xd3_smc_CO21/TM_X6cf/uid___A002_Xbe0d4d_X2590_targets.ms/','2015.1.00196.duval/B6_uid___A001_X33e_Xd3_smc_CO21/TM_X6cf/uid___A002_Xbeb207_X2324_targets.ms/','2015.1.00196.duval/B6_uid___A001_X33e_Xd3_smc_CO21/7M_Xd7/uid___A002_Xb36550_X5718_targets.ms/','2015.1.00196.duval/B6_uid___A001_X33e_Xd3_smc_CO21/7M_Xd7/uid___A002_Xb48b38_X2df3_targets.ms/','2015.1.01296.muller/B6_uid___A001_X2fb_Xcda_CO21/TM_Xcdc/uid___A002_Xcf749a_X29c3_targets.ms/','2015.1.01296.muller/B6_uid___A001_X2fb_Xcda_CO21/7M_Xcde/uid___A002_Xb499c3_X2cba_targets.ms/','2015.1.01296.muller/B6_uid___A001_X2fb_Xcda_CO21/7M_Xcde/uid___A002_Xb499c3_X31ea_targets.ms/','2015.1.01296.muller/B6_uid___A001_X2fb_Xcda_CO21/7M_Xcde/uid___A002_Xbabd27_X454_targets.ms/','2015.1.01296.muller/B6_uid___A001_X2fb_Xcda_CO21/7M_Xcde/uid___A002_Xbad2b0_X188d_targets.ms/','2015.1.01296.muller/B6_uid___A001_X2fb_Xcda_CO21/7M_Xcde/uid___A002_Xbeaa79_X248_targets.ms/']	['19','19','18','18','19:231GHz~231.2GHz;231.4GHz~232.8GHz','18:231GHz~231.2GHz;231.4GHz~232.8GHz','18:231GHz~231.2GHz;231.4GHz~232.8GHz','18:231GHz~231.2GHz;231.4GHz~232.8GHz','18:231GHz~231.2GHz;231.4GHz~232.8GHz','18:231GHz~231.2GHz;231.4GHz~232.8GHz']	3.00E-04	0.4	0.37	x				
N66	12CO10	2015.1.00196.S,2015.1.01296.S,2017.A.00094	['SMC2N66','SMC2N66','SMC2N66','','','','','','','','','','','']	1.5	T	12p7	2.2	1.9	['2015.1.00196.duval/B3_uid___A001_X33e_Xfb_smc_12CO10/TM_Xfd/uid___A002_Xb0ebd1_X4bd7_targets_line.ms/','2015.1.00196.duval/B3_uid___A001_X33e_Xfb_smc_12CO10/7M_Xff/uid___A002_Xb3ca1e_X8eb_targets_line.ms/','2015.1.00196.duval/B3_uid___A001_X33e_Xfb_smc_12CO10/7M_Xff/uid___A002_Xb40d55_X3d1d_targets_line.ms/','2015.1.01296.muller/B3_uid___A001_X2fb_Xce6_12CO10/TM_Xce8/uid___A002_Xb03857_X2072_targets_line.ms/','2015.1.01296.muller/B3_uid___A001_X2fb_Xce6_12CO10/TM_Xce8/uid___A002_Xb1ad4d_X2679_targets_line.ms/','2015.1.01296.muller/B3_uid___A001_X2fb_Xce6_12CO10/TM_Xce8/uid___A002_Xbb7114_X84ca_targets_line.ms/','2015.1.01296.muller/B3_uid___A001_X2fb_Xce6_12CO10/TM_Xce8/uid___A002_Xbb85b6_X5470_targets_line.ms/','2015.1.01296.muller/B3_uid___A001_X2fb_Xce6_12CO10/7M_Xcea/uid___A002_Xb59e4a_X4f9_targets_line.ms/','2015.1.01296.muller/B3_uid___A001_X2fb_Xce6_12CO10/7M_Xcea/uid___A002_Xb5e334_X3075_targets_line.ms/','2015.1.01296.muller/B3_uid___A001_X2fb_Xce6_12CO10/7M_Xcea/uid___A002_Xb5e334_X39e0_targets_line.ms/','2015.1.01296.muller/B3_uid___A001_X2fb_Xce6_12CO10/7M_Xcea/uid___A002_Xb5f503_X1fb3_targets_line.ms/','2015.1.01296.muller/B3_uid___A001_X2fb_Xce6_12CO10/7M_Xcea/uid___A002_Xc9020b_X244_targets_line.ms/','2015.1.01296.muller/B3_uid___A001_X2fb_Xce6_12CO10/7M_Xcea/uid___A002_Xc9020b_X8a41_targets_line.ms/','2017.1.01307.muller/B3_uid___A001_X128e_X40f_12CO10/7M_X413/uid___A002_Xc5c71f_Xb3c_targets_line.ms/']	['22','15','15','19','19','19','19','14','14','14','14','14','14','14']	0.02	0.4	0.37	"2017.A.00054.smc/B3CO/TP/NGC346_spw17.im/"				
N66	13CO10	2015.1.00196.S	SMC2N66	1.5	T	12p7	2.2	1.9	['2015.1.00196.duval/B3_uid___A001_X33e_Xe7_smc_13CO10/TM_Xe9/uid___A002_Xb0ebd1_X9122_targets_line.ms/','2015.1.00196.duval/B3_uid___A001_X33e_Xe7_smc_13CO10/7M_Xeb/uid___A002_Xb3ca1e_X2a6_targets_line.ms/','2015.1.00196.duval/B3_uid___A001_X33e_Xe7_smc_13CO10/7M_Xeb/uid___A002_Xb41687_X4268_targets_line.ms/','2015.1.00196.duval/B3_uid___A001_X33e_Xe7_smc_13CO10/7M_Xeb/uid___A002_Xb41687_X4bf5_targets_line.ms/','2015.1.00196.duval/B3_uid___A001_X33e_Xe7_smc_13CO10/7M_Xeb/uid___A002_Xb41687_X5466_targets_line.ms/','2015.1.00196.duval/B3_uid___A001_X33e_Xe7_smc_13CO10/7M_Xeb/uid___A002_Xb4f03d_X1448_targets_line.ms/','2015.1.00196.duval/B3_uid___A001_X33e_Xe7_smc_13CO10/7M_Xeb/uid___A002_Xb4f03d_X875_targets_line.ms/','2015.1.00196.duval/B3_uid___A001_X33e_Xe7_smc_13CO10/7M_Xeb/uid___A002_Xb4f03d_Xe84_targets_line.ms/','2015.1.00196.duval/B3_uid___A001_X33e_Xe7_smc_13CO10/7M_Xeb/uid___A002_Xb51110_X16d3_targets_line.ms/','2015.1.00196.duval/B3_uid___A001_X33e_Xe7_smc_13CO10/7M_Xeb/uid___A002_Xb88fca_Xa7cc_targets_line.ms/]	['25','16','16','16','16','16','16','16','16','16']	0.01	0.4	0.37	"2015.1.00196.duval/B3_uid___A001_X33e_Xe7_smc_13CO10/TP_N66_Xa1/member.uid___A001_X340_Xa1.SMC2N66.spw17.I.sd.im.canon/"				
N66	CS21	2015.1.00196.S	SMC2N66	1.5	T	12p7	2.2	1.9	['2015.1.00196.duval/B3_uid___A001_X33e_Xe7_smc_13CO10/TM_Xe9/uid___A002_Xb0ebd1_X9122_targets_line.ms/','2015.1.00196.duval/B3_uid___A001_X33e_Xe7_smc_13CO10/7M_Xeb/uid___A002_Xb3ca1e_X2a6_targets_line.ms/','2015.1.00196.duval/B3_uid___A001_X33e_Xe7_smc_13CO10/7M_Xeb/uid___A002_Xb41687_X4268_targets_line.ms/','2015.1.00196.duval/B3_uid___A001_X33e_Xe7_smc_13CO10/7M_Xeb/uid___A002_Xb41687_X4bf5_targets_line.ms/','2015.1.00196.duval/B3_uid___A001_X33e_Xe7_smc_13CO10/7M_Xeb/uid___A002_Xb41687_X5466_targets_line.ms/','2015.1.00196.duval/B3_uid___A001_X33e_Xe7_smc_13CO10/7M_Xeb/uid___A002_Xb4f03d_X1448_targets_line.ms/','2015.1.00196.duval/B3_uid___A001_X33e_Xe7_smc_13CO10/7M_Xeb/uid___A002_Xb4f03d_X875_targets_line.ms/','2015.1.00196.duval/B3_uid___A001_X33e_Xe7_smc_13CO10/7M_Xeb/uid___A002_Xb4f03d_Xe84_targets_line.ms/','2015.1.00196.duval/B3_uid___A001_X33e_Xe7_smc_13CO10/7M_Xeb/uid___A002_Xb51110_X16d3_targets_line.ms/','2015.1.00196.duval/B3_uid___A001_X33e_Xe7_smc_13CO10/7M_Xeb/uid___A002_Xb88fca_Xa7cc_targets_line.ms/]	['29','20','20','20','20','20','20','20','20','20']	0.01	0.4	0.37	"2015.1.00196.duval/B3_uid___A001_X33e_Xe7_smc_13CO10/TP_N66_Xa1/member.uid___A001_X340_Xa1.SMC2N66.spw21.I.sd.im.canon/"				
N66	C18O10	2015.1.00196.S	SMC2N66	1.5	T	12p7	2.2	1.9	['2015.1.00196.duval/B3_uid___A001_X33e_Xe7_smc_13CO10/TM_Xe9/uid___A002_Xb0ebd1_X9122_targets_line.ms/','2015.1.00196.duval/B3_uid___A001_X33e_Xe7_smc_13CO10/7M_Xeb/uid___A002_Xb3ca1e_X2a6_targets_line.ms/','2015.1.00196.duval/B3_uid___A001_X33e_Xe7_smc_13CO10/7M_Xeb/uid___A002_Xb41687_X4268_targets_line.ms/','2015.1.00196.duval/B3_uid___A001_X33e_Xe7_smc_13CO10/7M_Xeb/uid___A002_Xb41687_X4bf5_targets_line.ms/','2015.1.00196.duval/B3_uid___A001_X33e_Xe7_smc_13CO10/7M_Xeb/uid___A002_Xb41687_X5466_targets_line.ms/','2015.1.00196.duval/B3_uid___A001_X33e_Xe7_smc_13CO10/7M_Xeb/uid___A002_Xb4f03d_X1448_targets_line.ms/','2015.1.00196.duval/B3_uid___A001_X33e_Xe7_smc_13CO10/7M_Xeb/uid___A002_Xb4f03d_X875_targets_line.ms/','2015.1.00196.duval/B3_uid___A001_X33e_Xe7_smc_13CO10/7M_Xeb/uid___A002_Xb4f03d_Xe84_targets_line.ms/','2015.1.00196.duval/B3_uid___A001_X33e_Xe7_smc_13CO10/7M_Xeb/uid___A002_Xb51110_X16d3_targets_line.ms/','2015.1.00196.duval/B3_uid___A001_X33e_Xe7_smc_13CO10/7M_Xeb/uid___A002_Xb88fca_Xa7cc_targets_line.ms/]	['27','18','18','18','18','18','18','18','18','18']	0.01	0.4	0.37	"2015.1.00196.duval/B3_uid___A001_X33e_Xe7_smc_13CO10/TP_N66_Xa1/member.uid___A001_X340_Xa1.SMC2N66.spw19.I.sd.im.canon/"				
N66	cont3mm	2015.1.00196.S	SMC2N66	1.5	T	12p7	2.2	1.9	['2015.1.00196.duval/B3_uid___A001_X33e_Xe7_smc_13CO10/TM_Xe9/uid___A002_Xb0ebd1_X9122_targets.ms/','2015.1.00196.duval/B3_uid___A001_X33e_Xe7_smc_13CO10/7M_Xeb/uid___A002_Xb3ca1e_X2a6_targets.ms/','2015.1.00196.duval/B3_uid___A001_X33e_Xe7_smc_13CO10/7M_Xeb/uid___A002_Xb41687_X4268_targets.ms/','2015.1.00196.duval/B3_uid___A001_X33e_Xe7_smc_13CO10/7M_Xeb/uid___A002_Xb41687_X4bf5_targets.ms/','2015.1.00196.duval/B3_uid___A001_X33e_Xe7_smc_13CO10/7M_Xeb/uid___A002_Xb41687_X5466_targets.ms/','2015.1.00196.duval/B3_uid___A001_X33e_Xe7_smc_13CO10/7M_Xeb/uid___A002_Xb4f03d_X1448_targets.ms/','2015.1.00196.duval/B3_uid___A001_X33e_Xe7_smc_13CO10/7M_Xeb/uid___A002_Xb4f03d_X875_targets.ms/','2015.1.00196.duval/B3_uid___A001_X33e_Xe7_smc_13CO10/7M_Xeb/uid___A002_Xb4f03d_Xe84_targets.ms/','2015.1.00196.duval/B3_uid___A001_X33e_Xe7_smc_13CO10/7M_Xeb/uid___A002_Xb51110_X16d3_targets.ms/','2015.1.00196.duval/B3_uid___A001_X33e_Xe7_smc_13CO10/7M_Xeb/uid___A002_Xb88fca_Xa7cc_targets.ms/]	['23','22','22','22','22','22','22','22','22','22']	1.00E-04	0.4	0.37	x				
N66	HCOp10	2018.A.00049.S	['7~10,17~19,26~29','7~10,17~19,26~29','7~10,17~19,26~29','7~10,17~19,26~29','7~10,17~19,26~29','104,112~114','104,112~114','104,112~114','104,112~114','104,112~114']	0.5	F	7	13	13	['2018.A.00049.smc90GHz/calms/uid___A002_Xdf5cfe_X246d_target.ms/','2018.A.00049.smc90GHz/calms/uid___A002_Xdf77db_X1208_target.ms/','2018.A.00049.smc90GHz/calms/uid___A002_Xdf77db_X650b_target.ms/','2018.A.00049.smc90GHz/calms/uid___A002_Xdf8d1a_X3e26_target.ms/','2018.A.00049.smc90GHz/calms/uid___A002_Xdf9c1c_X271d_target.ms/','2018.A.00049.smc90GHz/calms/uid___A002_Xdff8c8_X31fb_target.ms/','2018.A.00049.smc90GHz/calms/uid___A002_Xdff8c8_X3669_target.ms/','2018.A.00049.smc90GHz/calms/uid___A002_Xe02ab0_X38dc_target.ms/','2018.A.00049.smc90GHz/calms/uid___A002_Xe03886_Xf6_target.ms/','2018.A.00049.smc90GHz/calms/uid___A002_Xe03886_X5834_target.ms/']	['18','18','18','18','18','18','18','18','18','18']	0.01	2	1.6	x				
N66	HCN10	2018.A.00049.S	['7~10,17~19,26~29','7~10,17~19,26~29','7~10,17~19,26~29','7~10,17~19,26~29','7~10,17~19,26~29','104,112~114','104,112~114','104,112~114','104,112~114','104,112~114']	0.5	F	7	13	13	['2018.A.00049.smc90GHz/calms/uid___A002_Xdf5cfe_X246d_target.ms/','2018.A.00049.smc90GHz/calms/uid___A002_Xdf77db_X1208_target.ms/','2018.A.00049.smc90GHz/calms/uid___A002_Xdf77db_X650b_target.ms/','2018.A.00049.smc90GHz/calms/uid___A002_Xdf8d1a_X3e26_target.ms/','2018.A.00049.smc90GHz/calms/uid___A002_Xdf9c1c_X271d_target.ms/','2018.A.00049.smc90GHz/calms/uid___A002_Xdff8c8_X31fb_target.ms/','2018.A.00049.smc90GHz/calms/uid___A002_Xdff8c8_X3669_target.ms/','2018.A.00049.smc90GHz/calms/uid___A002_Xe02ab0_X38dc_target.ms/','2018.A.00049.smc90GHz/calms/uid___A002_Xe03886_Xf6_target.ms/','2018.A.00049.smc90GHz/calms/uid___A002_Xe03886_X5834_target.ms/']	['18','18','18','18','18','18','18','18','18','18']	0.01	2	1.6	x				
																		
N76	HCOp10	2018.A.00049.S	['7~10,17~19,26~29','7~10,17~19,26~29','7~10,17~19,26~29','7~10,17~19,26~29','7~10,17~19,26~29','104,112~114','104,112~114','104,112~114','104,112~114','104,112~114']	0.5	F	7	13	13	['2018.A.00049.smc90GHz/calms/uid___A002_Xdf5cfe_X246d_target.ms/','2018.A.00049.smc90GHz/calms/uid___A002_Xdf77db_X1208_target.ms/','2018.A.00049.smc90GHz/calms/uid___A002_Xdf77db_X650b_target.ms/','2018.A.00049.smc90GHz/calms/uid___A002_Xdf8d1a_X3e26_target.ms/','2018.A.00049.smc90GHz/calms/uid___A002_Xdf9c1c_X271d_target.ms/','2018.A.00049.smc90GHz/calms/uid___A002_Xdff8c8_X31fb_target.ms/','2018.A.00049.smc90GHz/calms/uid___A002_Xdff8c8_X3669_target.ms/','2018.A.00049.smc90GHz/calms/uid___A002_Xe02ab0_X38dc_target.ms/','2018.A.00049.smc90GHz/calms/uid___A002_Xe03886_Xf6_target.ms/','2018.A.00049.smc90GHz/calms/uid___A002_Xe03886_X5834_target.ms/']	['18','18','18','18','18','18','18','18','18','18']	0.01	2	1.6	x				
																		
N78	HCN10	2018.A.00049.S	['7~10,17~19,26~29','7~10,17~19,26~29','7~10,17~19,26~29','7~10,17~19,26~29','7~10,17~19,26~29','104,112~114','104,112~114','104,112~114','104,112~114','104,112~114']	0.5	F	7	13	13	['2018.A.00049.smc90GHz/calms/uid___A002_Xdf5cfe_X246d_target.ms/','2018.A.00049.smc90GHz/calms/uid___A002_Xdf77db_X1208_target.ms/','2018.A.00049.smc90GHz/calms/uid___A002_Xdf77db_X650b_target.ms/','2018.A.00049.smc90GHz/calms/uid___A002_Xdf8d1a_X3e26_target.ms/','2018.A.00049.smc90GHz/calms/uid___A002_Xdf9c1c_X271d_target.ms/','2018.A.00049.smc90GHz/calms/uid___A002_Xdff8c8_X31fb_target.ms/','2018.A.00049.smc90GHz/calms/uid___A002_Xdff8c8_X3669_target.ms/','2018.A.00049.smc90GHz/calms/uid___A002_Xe02ab0_X38dc_target.ms/','2018.A.00049.smc90GHz/calms/uid___A002_Xe03886_Xf6_target.ms/','2018.A.00049.smc90GHz/calms/uid___A002_Xe03886_X5834_target.ms/']	['18','18','18','18','18','18','18','18','18','18']	0.01	2	1.6	x				